"","publication_url","aac(3)-IIa,aadA1,aph(3'')-Ib,aph(6)-Id,blaEC,dfrA1,qacEdelta1,sul1,tet(A)=>mcr","aac(3)-IId,aadA5,aph(3'')-Ib,aph(6)-Id,blaEC,blaTEM-1,dfrA17,floR,mph(A),qacEdelta1,sul1,sul2,tet(A)=>mcr","aac(3)-IId,blaCTX-M-55,blaEC,qnrS1,tet(A)=>mcr","aac(3)-IId,blaEC=>mcr","aac(3)-IV,aadA1,aadA2,aph(3')-Ia,blaCTX-M-14,blaEC,cmlA1,floR,fosA3,qacL,sul2,sul3=>mcr","aac(3)-IV,aadA1,aadA2,blaCTX-M-14,blaEC,bleO,cmlA1,dfrA12,fosA3,mph(A),oqxA2,oqxB2,qacL,sul1,sul2,sul3=>mcr","aac(3)-IV,aadA1,aadA2,blaCTX-M-14,blaEC,cmlA1,fosA3,qacL,sul2,sul3=>mcr","aac(3)-IV,aadA2,aadA5,aph(3'')-Ib,aph(3')-Ia,aph(4)-Ia,aph(6)-Id,blaEC,catA1,dfrA12,dfrA17,floR,mph(A),qacEdelta1,sul1,sul2,tet(A)=>mcr","aac(3)-IV,aadA2,aadA5,aph(3'')-Ib,aph(3')-Ia,aph(4)-Ia,aph(6)-Id,blaEC,catA1,dfrA12,dfrA17,floR,mph(A),qacEdelta1,sul1,sul2=>mcr","aac(3)-IV,aadA2,aadA5,aph(3'')-Ib,aph(3')-Ia,aph(4)-Ia,aph(6)-Id,blaEC,catA1,dfrA12,dfrA17,floR,mph(A),qacEdelta1,sul1,tet(A)=>mcr","aac(3)-IV,aadA2,aadA5,aph(3'')-Ib,aph(3')-Ia,aph(4)-Ia,aph(6)-Id,blaEC,catA1,dfrA12,dfrA17,floR,mph(A),qacEdelta1,sul2,tet(A)=>mcr","aac(3)-IV,aadA2,aadA5,aph(3'')-Ib,aph(3')-Ia,aph(4)-Ia,aph(6)-Id,blaEC,catA1,dfrA12,dfrA17,floR,mph(A),sul1,sul2,tet(A)=>mcr","aac(3)-IV,aadA2,aadA5,aph(3'')-Ib,aph(3')-Ia,aph(4)-Ia,aph(6)-Id,blaEC,catA1,dfrA12,dfrA17,floR,qacEdelta1,sul1,sul2,tet(A)=>mcr","aac(3)-IV,aadA2,aadA5,aph(3'')-Ib,aph(3')-Ia,aph(4)-Ia,aph(6)-Id,blaEC,catA1,dfrA12,dfrA17,mph(A),qacEdelta1,sul1,sul2,tet(A)=>mcr","aac(3)-IV,aadA2,aadA5,aph(3'')-Ib,aph(3')-Ia,aph(4)-Ia,aph(6)-Id,blaEC,catA1,dfrA12,floR,mph(A),qacEdelta1,sul1,sul2,tet(A)=>mcr","aac(3)-IV,aadA2,aadA5,aph(3'')-Ib,aph(3')-Ia,aph(4)-Ia,aph(6)-Id,blaEC,catA1,dfrA17,floR,mph(A),qacEdelta1,sul1,sul2,tet(A)=>mcr","aac(3)-IV,aadA2,aadA5,aph(3'')-Ib,aph(3')-Ia,aph(4)-Ia,aph(6)-Id,blaEC,dfrA12,dfrA17,floR,mph(A),qacEdelta1,sul1,sul2,tet(A)=>mcr","aac(3)-IV,aadA2,aadA5,aph(3'')-Ib,aph(3')-Ia,aph(4)-Ia,aph(6)-Id,catA1,dfrA12,dfrA17,floR,mph(A),qacEdelta1,sul1,sul2,tet(A)=>mcr","aac(3)-IV,aadA2,aadA5,aph(3'')-Ib,aph(3')-Ia,aph(4)-Ia,blaEC,ble,catA1,dfrA12,dfrA17,floR,fosA3,qacEdelta1,sul1,sul2,tet(A)=>mcr","aac(3)-IV,aadA2,aadA5,aph(3'')-Ib,aph(3')-Ia,aph(4)-Ia,blaEC,catA1,dfrA12,dfrA17,floR,fosA3,qacEdelta1,sul1,sul2,tet(A)=>mcr","aac(3)-IV,aadA2,aadA5,aph(3'')-Ib,aph(3')-Ia,aph(4)-Ia,blaEC,catA1,dfrA12,dfrA17,floR,mph(A),qacEdelta1,sul1,sul2,tet(A)=>mcr","aac(3)-IV,aadA2,aadA5,aph(3'')-Ib,aph(3')-Ia,aph(6)-Id,blaEC,catA1,dfrA12,dfrA17,floR,mph(A),qacEdelta1,sul1,sul2,tet(A)=>mcr","aac(3)-IV,aadA2,aadA5,aph(3'')-Ib,aph(4)-Ia,aph(6)-Id,blaEC,catA1,dfrA12,dfrA17,floR,mph(A),qacEdelta1,sul1,sul2,tet(A)=>mcr","aac(3)-IV,aadA2,aadA5,aph(3')-Ia,aph(4)-Ia,aph(6)-Id,blaEC,catA1,dfrA12,dfrA17,floR,mph(A),qacEdelta1,sul1,sul2,tet(A)=>mcr","aac(3)-IV,aadA2,aph(3'')-Ib,aph(3')-Ia,aph(4)-Ia,aph(6)-Id,arr-3,blaEC,floR,fosA3,mph(A),qacEdelta1,rmtB1,sul1,sul2,tet(A)=>mcr","aac(3)-IV,aadA2,aph(3'')-Ib,aph(3')-Ia,aph(4)-Ia,aph(6)-Id,blaEC,catA1,dfrA12,dfrA17,floR,mph(A),qacEdelta1,sul1,sul2,tet(A)=>mcr","aac(3)-IV,aadA5,aph(3'')-Ib,aph(3')-Ia,aph(4)-Ia,aph(6)-Id,blaEC,catA1,dfrA12,dfrA17,floR,mph(A),qacEdelta1,sul1,sul2,tet(A)=>mcr","aac(6')-Ib3=>mcr","aadA1,aadA2,aph(3'')-Ib,aph(6)-Id,blaEC,cmlA1,dfrA12,floR,qacL,sul2,sul3,tet(A)=>mcr","aadA1,aadA2,aph(3'')-Ib,aph(6)-Id,blaEC,cmlA1,dfrA12,floR,qacL,sul3=>mcr","aadA1,aadA2,aph(3')-Ia,blaEC,cmlA1,dfrA12,floR,qacL,sul3,tet(A)=>mcr","aadA1,aadA2,aph(3')-Ia,blaEC,cmlA1,dfrA12,floR,qacL,sul3=>mcr","aadA1,aadA2,aph(3')-Ia,blaEC,cmlA1,floR,qacL,sul2,sul3=>mcr","aadA1,aadA2,aph(3')-Ia,blaEC,cmlA1,oqxA,oqxB,qacL,sul3,tet(A)=>mcr","aadA1,aadA2,blaEC,bleO,cmlA1,dfrA12,floR,oqxA,oqxB,qacL,sul3,tet(A)=>mcr","aadA1,aadA2,blaEC,bleO,cmlA1,dfrA12,floR,qacL,sul3,tet(A)=>mcr","aadA1,aadA2,blaEC,bleO,cmlA1,dfrA12,oqxA,oqxB,qacL,sul3=>mcr","aadA1,aadA2,blaEC,bleO,cmlA1,dfrA12,oqxA,oqxB,qacL,tet(A)=>mcr","aadA1,aadA2,blaEC,bleO,cmlA1,dfrA12,oqxA,qacL,sul3,tet(A)=>mcr","aadA1,aadA2,blaEC,bleO,cmlA1,dfrA12,oqxB,qacL,sul3,tet(A)=>mcr","aadA1,aadA2,blaEC,bleO,cmlA1,dfrA12,qacL,sul3,tet(A)=>mcr","aadA1,aadA2,blaEC,bleO,cmlA1,dfrA12,qacL,sul3=>mcr","aadA1,aadA2,blaEC,bleO,cmlA1,floR,oqxA,oqxB,qacL,tet(A)=>mcr","aadA1,aadA2,blaEC,bleO,cmlA1,floR,oqxB,qacL,sul3,tet(A)=>mcr","aadA1,aadA2,blaEC,bleO,cmlA1,floR,qacL,sul3,tet(A)=>mcr","aadA1,aadA2,blaEC,bleO,cmlA1,floR,qacL,sul3=>mcr","aadA1,aadA2,blaEC,bleO,cmlA1,oqxA,oqxB,qacL,sul3,tet(A)=>mcr","aadA1,aadA2,blaEC,bleO,cmlA1,qacL,sul3,tet(A)=>mcr","aadA1,aadA2,blaEC,bleO,cmlA1,qacL,sul3=>mcr","aadA1,aadA2,blaEC,cmlA1,dfrA12,floR,qacL,sul2,sul3,tet(A)=>mcr","aadA1,aadA2,blaEC,cmlA1,dfrA12,floR,qacL,sul2,sul3=>mcr","aadA1,aadA2,blaEC,cmlA1,dfrA12,floR,sul3=>mcr","aadA1,aadA2,blaEC,cmlA1,dfrA12,oqxA,oqxB,qacL,sul3,tet(A)=>mcr","aadA1,aadA2,blaEC,cmlA1,dfrA12,qacL,sul3=>mcr","aadA1,aadA2,blaEC,cmlA1,floR,oqxA,oqxB,qacL,sul3,tet(A)=>mcr","aadA1,aadA2,blaEC,cmlA1,oqxA,oqxB,qacL,sul3,tet(A)=>mcr","aadA1,aph(3')-Ia,blaEC,cmlA1,dfrA12,floR,qacL,sul3,tet(A)=>mcr","aadA1,aph(3')-Ia,blaEC,cmlA1,dfrA12,floR,qacL,sul3=>mcr","aadA1,aph(3')-Ia,blaEC,cmlA1,floR,qacL,sul3=>mcr","aadA1,arr-2,blaEC,blaOXA-10,cmlA5,dfrA14,qnrS1,tet(A)=>mcr","aadA1,blaEC,bleO,cmlA1,dfrA12,oqxA,oqxB,qacL,sul3,tet(A)=>mcr","aadA1,blaEC,bleO,cmlA1,floR,oqxA,oqxB,qacL,sul3,tet(A)=>mcr","aadA1,blaEC,cmlA1,dfrA12,floR,oqxA,oqxB,qacL,sul3,tet(A)=>mcr","aadA1,blaEC,cmlA1,dfrA12,floR,qacL,sul2,sul3,tet(A)=>mcr","aadA1,blaEC,cmlA1,dfrA12,floR,qacL,sul3,tet(A)=>mcr","aadA1,blaEC,cmlA1,dfrA12,floR,qacL,sul3=>mcr","aadA1,blaEC,cmlA1,dfrA12,floR,sul3,tet(A)=>mcr","aadA2,aadA5,aph(3'')-Ib,aph(3')-Ia,aph(4)-Ia,aph(6)-Id,blaEC,catA1,dfrA12,dfrA17,floR,mph(A),qacEdelta1,sul1,sul2,tet(A)=>mcr","aadA2,aadA5,aph(3'')-Ib,aph(6)-Id,blaEC,blaNDM-1,ble,bleO,dfrA12,dfrA17,floR,fosA3,qacEdelta1,rmtB1,sul1,sul2,tet(A)=>mcr","aadA2,aadA5,aph(3'')-Ib,aph(6)-Id,blaEC,blaNDM-1,ble,bleO,dfrA17,floR,fosA3,qacEdelta1,rmtB1,sul1,sul2,tet(A)=>mcr","aadA2,aph(3'')-Ib,aph(6)-Id,bla,blaCTX-M-55,blaEC,dfrA12,floR,mph(A),sul2=>mcr","aadA2,aph(3'')-Ib,aph(6)-Id,blaEC,bleO,dfrA12,floR,oqxB,sul2,tet(A)=>mcr","aadA2,aph(3')-Ia,blaEC,cmlA1,floR,qacL,sul3,tet(A)=>mcr","aadA2,blaEC,bleO,cmlA1,dfrA12,oqxA,oqxB,qacL,sul3,tet(A)=>mcr","aadA2,blaEC,bleO,cmlA1,floR,oqxA,oqxB,qacL,sul3,tet(A)=>mcr","aadA2,blaEC,cmlA1,dfrA12,floR,oqxA,oqxB,qacL,sul3,tet(A)=>mcr","aadA2,blaEC,dfrA12,qnrS1,sul3,tet(A)=>mcr","aph(3'')-Ib,aph(6)-Id,blaEC,bleO,clpK,oqxA,oqxB=>mcr","aph(3')-Ia,blaEC,floR,tet(A)=>mcr","aph(3')-Ia,blaEC,mph(A)=>mcr","arr-2=>mcr","arr-3=>mcr","blaCTX-M-125,blaEC=>mcr","blaCTX-M-125=>mcr","blaCTX-M-55,blaEC=>mcr","blaEC,bleO,cmlA1,dfrA12,floR,oqxA,oqxB,qacL,sul3,tet(A)=>mcr","blaEC,cmlA1,dfrA12,floR,qacL,sul3,tet(A)=>mcr","blaEC,dfrA14,sul2,tet(A)=>mcr","blaEC,floR,qnrS1=>mcr","blaEC,qnrS1,tet(A)=>mcr","blaEC,sul3,tet(A)=>mcr","bleO=>mcr","dfrA12=>mcr","floR=>mcr","fosA3=>mcr","oqxA2=>mcr","oqxB=>mcr","oqxB2=>mcr","qacL=>mcr","qnrS2=>mcr","sul3=>mcr","tet(M)=>mcr"
"1","https://www.ncbi.nlm.nih.gov/pubmed/24092795","https://www.ncbi.nlm.nih.gov/bioproject/PRJNA230969","https://www.ncbi.nlm.nih.gov/bioproject/PRJNA230969",NA,"https://www.ncbi.nlm.nih.gov/bioproject/PRJNA230969",NA,NA,NA,NA,NA,NA,NA,NA,NA,NA,NA,NA,NA,NA,NA,NA,NA,NA,NA,NA,NA,NA,NA,"https://www.ncbi.nlm.nih.gov/bioproject/PRJNA230969","https://www.ncbi.nlm.nih.gov/bioproject/PRJNA230969","https://www.ncbi.nlm.nih.gov/bioproject/PRJNA230969","https://www.ncbi.nlm.nih.gov/bioproject/PRJNA230969","https://www.ncbi.nlm.nih.gov/bioproject/PRJNA230969","https://www.ncbi.nlm.nih.gov/bioproject/PRJNA230969",NA,NA,NA,NA,NA,NA,NA,NA,NA,NA,NA,NA,NA,NA,NA,NA,"https://www.ncbi.nlm.nih.gov/bioproject/PRJNA230969","https://www.ncbi.nlm.nih.gov/bioproject/PRJNA230969","https://www.ncbi.nlm.nih.gov/bioproject/PRJNA230969",NA,"https://www.ncbi.nlm.nih.gov/bioproject/PRJNA230969",NA,"https://www.ncbi.nlm.nih.gov/bioproject/PRJNA230969","https://www.ncbi.nlm.nih.gov/bioproject/PRJNA230969","https://www.ncbi.nlm.nih.gov/bioproject/PRJNA230969","https://www.ncbi.nlm.nih.gov/bioproject/PRJNA230969",NA,NA,NA,NA,"https://www.ncbi.nlm.nih.gov/bioproject/PRJNA230969","https://www.ncbi.nlm.nih.gov/bioproject/PRJNA230969","https://www.ncbi.nlm.nih.gov/bioproject/PRJNA230969","https://www.ncbi.nlm.nih.gov/bioproject/PRJNA230969",NA,NA,NA,NA,NA,"https://www.ncbi.nlm.nih.gov/bioproject/PRJNA230969",NA,NA,NA,"https://www.ncbi.nlm.nih.gov/bioproject/PRJNA230969",NA,"https://www.ncbi.nlm.nih.gov/bioproject/PRJNA230969","https://www.ncbi.nlm.nih.gov/bioproject/PRJNA230969",NA,"https://www.ncbi.nlm.nih.gov/bioproject/PRJNA230969",NA,NA,NA,NA,"https://www.ncbi.nlm.nih.gov/bioproject/PRJNA230969","https://www.ncbi.nlm.nih.gov/bioproject/PRJNA230969","https://www.ncbi.nlm.nih.gov/bioproject/PRJNA230969","https://www.ncbi.nlm.nih.gov/bioproject/PRJNA230969","https://www.ncbi.nlm.nih.gov/bioproject/PRJNA230969","https://www.ncbi.nlm.nih.gov/bioproject/PRJNA230969","https://www.ncbi.nlm.nih.gov/bioproject/PRJNA230969","https://www.ncbi.nlm.nih.gov/bioproject/PRJNA230969",NA,NA,"https://www.ncbi.nlm.nih.gov/bioproject/PRJNA230969",NA,"https://www.ncbi.nlm.nih.gov/bioproject/PRJNA230969",NA,"https://www.ncbi.nlm.nih.gov/bioproject/PRJNA230969","https://www.ncbi.nlm.nih.gov/bioproject/PRJNA230969"
"2","https://www.ncbi.nlm.nih.gov/pubmed/24684748",NA,NA,NA,"https://www.ncbi.nlm.nih.gov/bioproject/PRJEB2846",NA,NA,NA,NA,NA,NA,NA,NA,NA,NA,NA,NA,NA,NA,NA,NA,NA,NA,NA,NA,NA,NA,NA,NA,NA,NA,NA,NA,NA,NA,NA,NA,NA,NA,NA,NA,NA,NA,NA,NA,NA,NA,NA,NA,NA,NA,NA,NA,NA,NA,NA,NA,NA,NA,NA,NA,NA,NA,NA,NA,NA,NA,NA,NA,NA,NA,NA,NA,NA,NA,NA,NA,NA,NA,NA,NA,NA,NA,NA,NA,NA,NA,NA,"https://www.ncbi.nlm.nih.gov/bioproject/PRJEB2846",NA,NA,NA,NA,NA,NA,NA,NA,NA,NA,NA,NA,NA,NA
"3","https://www.ncbi.nlm.nih.gov/pubmed/24706808",NA,NA,NA,NA,NA,NA,NA,NA,NA,NA,NA,NA,NA,NA,NA,NA,NA,NA,NA,NA,NA,NA,NA,NA,NA,NA,NA,NA,NA,NA,NA,NA,NA,NA,NA,NA,NA,NA,NA,NA,NA,NA,NA,NA,NA,NA,NA,NA,NA,NA,NA,NA,NA,"https://www.ncbi.nlm.nih.gov/bioproject/PRJEB2968",NA,NA,NA,NA,NA,NA,NA,NA,NA,NA,NA,NA,NA,NA,NA,NA,NA,NA,NA,NA,NA,NA,NA,NA,NA,"https://www.ncbi.nlm.nih.gov/bioproject/PRJEB2968",NA,"https://www.ncbi.nlm.nih.gov/bioproject/PRJEB2968",NA,NA,NA,NA,NA,"https://www.ncbi.nlm.nih.gov/bioproject/PRJEB2968",NA,NA,"https://www.ncbi.nlm.nih.gov/bioproject/PRJEB2968",NA,"https://www.ncbi.nlm.nih.gov/bioproject/PRJEB2968",NA,"https://www.ncbi.nlm.nih.gov/bioproject/PRJEB2968",NA,"https://www.ncbi.nlm.nih.gov/bioproject/PRJEB2968",NA,"https://www.ncbi.nlm.nih.gov/bioproject/PRJEB2968",NA,"https://www.ncbi.nlm.nih.gov/bioproject/PRJEB2968",NA
"4","https://www.ncbi.nlm.nih.gov/pubmed/25013133",NA,"https://www.ncbi.nlm.nih.gov/bioproject/PRJNA218110","https://www.ncbi.nlm.nih.gov/bioproject/PRJNA218110","https://www.ncbi.nlm.nih.gov/bioproject/PRJNA218110",NA,NA,NA,NA,NA,NA,NA,NA,NA,NA,NA,NA,NA,NA,NA,NA,NA,NA,NA,NA,NA,NA,NA,NA,"https://www.ncbi.nlm.nih.gov/bioproject/PRJNA218110","https://www.ncbi.nlm.nih.gov/bioproject/PRJNA218110","https://www.ncbi.nlm.nih.gov/bioproject/PRJNA218110","https://www.ncbi.nlm.nih.gov/bioproject/PRJNA218110","https://www.ncbi.nlm.nih.gov/bioproject/PRJNA218110",NA,NA,NA,NA,NA,NA,NA,NA,NA,NA,NA,NA,NA,NA,NA,NA,"https://www.ncbi.nlm.nih.gov/bioproject/PRJNA218110","https://www.ncbi.nlm.nih.gov/bioproject/PRJNA218110","https://www.ncbi.nlm.nih.gov/bioproject/PRJNA218110",NA,"https://www.ncbi.nlm.nih.gov/bioproject/PRJNA218110",NA,NA,"https://www.ncbi.nlm.nih.gov/bioproject/PRJNA218110","https://www.ncbi.nlm.nih.gov/bioproject/PRJNA218110","https://www.ncbi.nlm.nih.gov/bioproject/PRJNA218110","https://www.ncbi.nlm.nih.gov/bioproject/PRJNA218110",NA,NA,NA,"https://www.ncbi.nlm.nih.gov/bioproject/PRJNA218110","https://www.ncbi.nlm.nih.gov/bioproject/PRJNA218110","https://www.ncbi.nlm.nih.gov/bioproject/PRJNA218110","https://www.ncbi.nlm.nih.gov/bioproject/PRJNA218110",NA,NA,NA,NA,NA,"https://www.ncbi.nlm.nih.gov/bioproject/PRJNA218110",NA,NA,NA,NA,NA,"https://www.ncbi.nlm.nih.gov/bioproject/PRJNA218110","https://www.ncbi.nlm.nih.gov/bioproject/PRJNA218110","https://www.ncbi.nlm.nih.gov/bioproject/PRJNA218110","https://www.ncbi.nlm.nih.gov/bioproject/PRJNA218110",NA,NA,"https://www.ncbi.nlm.nih.gov/bioproject/PRJNA218110",NA,"https://www.ncbi.nlm.nih.gov/bioproject/PRJNA218110","https://www.ncbi.nlm.nih.gov/bioproject/PRJNA218110","https://www.ncbi.nlm.nih.gov/bioproject/PRJNA218110","https://www.ncbi.nlm.nih.gov/bioproject/PRJNA218110","https://www.ncbi.nlm.nih.gov/bioproject/PRJNA218110","https://www.ncbi.nlm.nih.gov/bioproject/PRJNA218110","https://www.ncbi.nlm.nih.gov/bioproject/PRJNA218110","https://www.ncbi.nlm.nih.gov/bioproject/PRJNA218110",NA,NA,"https://www.ncbi.nlm.nih.gov/bioproject/PRJNA218110",NA,"https://www.ncbi.nlm.nih.gov/bioproject/PRJNA218110",NA,"https://www.ncbi.nlm.nih.gov/bioproject/PRJNA218110","https://www.ncbi.nlm.nih.gov/bioproject/PRJNA218110"
"5","https://www.ncbi.nlm.nih.gov/pubmed/25103754",NA,"https://www.ncbi.nlm.nih.gov/bioproject/PRJNA218110","https://www.ncbi.nlm.nih.gov/bioproject/PRJNA218110","https://www.ncbi.nlm.nih.gov/bioproject/PRJNA218110",NA,NA,NA,NA,NA,NA,NA,NA,NA,NA,NA,NA,NA,NA,NA,NA,NA,NA,NA,NA,NA,NA,NA,NA,"https://www.ncbi.nlm.nih.gov/bioproject/PRJNA218110","https://www.ncbi.nlm.nih.gov/bioproject/PRJNA218110","https://www.ncbi.nlm.nih.gov/bioproject/PRJNA218110","https://www.ncbi.nlm.nih.gov/bioproject/PRJNA218110","https://www.ncbi.nlm.nih.gov/bioproject/PRJNA218110",NA,NA,NA,NA,NA,NA,NA,NA,NA,NA,NA,NA,NA,NA,NA,NA,"https://www.ncbi.nlm.nih.gov/bioproject/PRJNA218110","https://www.ncbi.nlm.nih.gov/bioproject/PRJNA218110","https://www.ncbi.nlm.nih.gov/bioproject/PRJNA218110",NA,"https://www.ncbi.nlm.nih.gov/bioproject/PRJNA218110",NA,NA,"https://www.ncbi.nlm.nih.gov/bioproject/PRJNA218110","https://www.ncbi.nlm.nih.gov/bioproject/PRJNA218110","https://www.ncbi.nlm.nih.gov/bioproject/PRJNA218110","https://www.ncbi.nlm.nih.gov/bioproject/PRJNA218110",NA,NA,NA,"https://www.ncbi.nlm.nih.gov/bioproject/PRJNA218110","https://www.ncbi.nlm.nih.gov/bioproject/PRJNA218110","https://www.ncbi.nlm.nih.gov/bioproject/PRJNA218110","https://www.ncbi.nlm.nih.gov/bioproject/PRJNA218110",NA,NA,NA,NA,NA,"https://www.ncbi.nlm.nih.gov/bioproject/PRJNA218110",NA,NA,NA,NA,NA,"https://www.ncbi.nlm.nih.gov/bioproject/PRJNA218110","https://www.ncbi.nlm.nih.gov/bioproject/PRJNA218110","https://www.ncbi.nlm.nih.gov/bioproject/PRJNA218110","https://www.ncbi.nlm.nih.gov/bioproject/PRJNA218110",NA,NA,"https://www.ncbi.nlm.nih.gov/bioproject/PRJNA218110",NA,"https://www.ncbi.nlm.nih.gov/bioproject/PRJNA218110","https://www.ncbi.nlm.nih.gov/bioproject/PRJNA218110","https://www.ncbi.nlm.nih.gov/bioproject/PRJNA218110","https://www.ncbi.nlm.nih.gov/bioproject/PRJNA218110","https://www.ncbi.nlm.nih.gov/bioproject/PRJNA218110","https://www.ncbi.nlm.nih.gov/bioproject/PRJNA218110","https://www.ncbi.nlm.nih.gov/bioproject/PRJNA218110","https://www.ncbi.nlm.nih.gov/bioproject/PRJNA218110",NA,NA,"https://www.ncbi.nlm.nih.gov/bioproject/PRJNA218110",NA,"https://www.ncbi.nlm.nih.gov/bioproject/PRJNA218110",NA,"https://www.ncbi.nlm.nih.gov/bioproject/PRJNA218110","https://www.ncbi.nlm.nih.gov/bioproject/PRJNA218110"
"6","https://www.ncbi.nlm.nih.gov/pubmed/25502671",NA,NA,NA,NA,NA,NA,NA,NA,NA,NA,NA,NA,NA,NA,NA,NA,NA,NA,NA,NA,NA,NA,NA,NA,NA,NA,NA,NA,NA,NA,NA,NA,NA,NA,NA,NA,NA,NA,NA,NA,NA,NA,NA,NA,NA,NA,NA,NA,NA,NA,NA,NA,NA,NA,NA,NA,NA,NA,NA,NA,NA,NA,NA,NA,NA,NA,NA,NA,NA,NA,NA,NA,NA,NA,NA,NA,NA,NA,NA,NA,NA,NA,NA,NA,NA,NA,NA,NA,NA,NA,NA,NA,NA,"https://www.ncbi.nlm.nih.gov/bioproject/PRJNA243331",NA,NA,NA,NA,NA,NA,NA,NA
"7","https://www.ncbi.nlm.nih.gov/pubmed/25540336",NA,NA,NA,NA,NA,NA,NA,NA,NA,NA,NA,NA,NA,NA,NA,NA,NA,NA,NA,NA,NA,NA,NA,NA,NA,NA,NA,NA,NA,NA,NA,NA,NA,NA,NA,NA,NA,NA,NA,NA,NA,NA,NA,NA,NA,NA,NA,NA,NA,NA,NA,NA,NA,NA,NA,NA,NA,NA,NA,NA,NA,NA,NA,NA,NA,NA,NA,NA,NA,NA,NA,NA,NA,NA,NA,NA,NA,NA,NA,NA,NA,NA,NA,NA,NA,NA,NA,NA,NA,NA,NA,NA,NA,"https://www.ncbi.nlm.nih.gov/bioproject/PRJNA243331",NA,NA,NA,NA,NA,NA,NA,NA
"8","https://www.ncbi.nlm.nih.gov/pubmed/25814612",NA,NA,NA,NA,NA,NA,NA,NA,NA,NA,NA,NA,NA,NA,NA,NA,NA,NA,NA,NA,NA,NA,NA,NA,NA,NA,NA,NA,NA,NA,NA,NA,NA,NA,NA,NA,NA,NA,NA,NA,NA,NA,NA,NA,NA,NA,NA,NA,NA,NA,NA,NA,NA,NA,NA,NA,NA,NA,NA,NA,NA,NA,NA,NA,NA,NA,NA,NA,NA,NA,NA,NA,NA,NA,NA,NA,NA,NA,NA,NA,NA,NA,NA,NA,NA,NA,NA,NA,NA,"https://www.ncbi.nlm.nih.gov/bioproject/PRJNA203445",NA,NA,NA,NA,NA,NA,NA,NA,NA,NA,NA,NA
"9","https://www.ncbi.nlm.nih.gov/pubmed/25931609",NA,NA,NA,NA,NA,NA,NA,NA,NA,NA,NA,NA,NA,NA,NA,NA,NA,NA,NA,NA,NA,NA,NA,NA,NA,NA,NA,NA,NA,NA,NA,NA,NA,NA,NA,NA,NA,NA,NA,NA,NA,NA,NA,NA,NA,NA,NA,NA,NA,NA,NA,NA,NA,NA,NA,NA,NA,NA,NA,NA,NA,NA,NA,NA,NA,NA,NA,NA,NA,NA,NA,NA,NA,NA,NA,NA,NA,NA,NA,NA,NA,NA,NA,NA,NA,NA,NA,NA,NA,NA,NA,NA,NA,"https://www.ncbi.nlm.nih.gov/bioproject/PRJNA243331",NA,NA,NA,NA,NA,NA,NA,NA
"10","https://www.ncbi.nlm.nih.gov/pubmed/25936611",NA,NA,NA,"https://www.ncbi.nlm.nih.gov/bioproject/PRJEB2846",NA,NA,NA,NA,NA,NA,NA,NA,NA,NA,NA,NA,NA,NA,NA,NA,NA,NA,NA,NA,NA,NA,NA,NA,NA,NA,NA,NA,NA,NA,NA,NA,NA,NA,NA,NA,NA,NA,NA,NA,NA,NA,NA,NA,NA,NA,NA,NA,NA,NA,NA,NA,NA,NA,NA,NA,NA,NA,NA,NA,NA,NA,NA,NA,NA,NA,NA,NA,NA,NA,NA,NA,NA,NA,NA,NA,NA,NA,NA,NA,NA,NA,NA,"https://www.ncbi.nlm.nih.gov/bioproject/PRJEB2846",NA,NA,NA,NA,NA,NA,NA,NA,NA,NA,NA,NA,NA,NA
"11","https://www.ncbi.nlm.nih.gov/pubmed/26044422",NA,"https://www.ncbi.nlm.nih.gov/bioproject/PRJNA218110","https://www.ncbi.nlm.nih.gov/bioproject/PRJNA218110","https://www.ncbi.nlm.nih.gov/bioproject/PRJNA218110",NA,NA,NA,NA,NA,NA,NA,NA,NA,NA,NA,NA,NA,NA,NA,NA,NA,NA,NA,NA,NA,NA,NA,NA,"https://www.ncbi.nlm.nih.gov/bioproject/PRJNA218110","https://www.ncbi.nlm.nih.gov/bioproject/PRJNA218110","https://www.ncbi.nlm.nih.gov/bioproject/PRJNA218110","https://www.ncbi.nlm.nih.gov/bioproject/PRJNA218110","https://www.ncbi.nlm.nih.gov/bioproject/PRJNA218110",NA,NA,NA,NA,NA,NA,NA,NA,NA,NA,NA,NA,NA,NA,NA,NA,"https://www.ncbi.nlm.nih.gov/bioproject/PRJNA218110","https://www.ncbi.nlm.nih.gov/bioproject/PRJNA218110","https://www.ncbi.nlm.nih.gov/bioproject/PRJNA218110",NA,"https://www.ncbi.nlm.nih.gov/bioproject/PRJNA218110",NA,NA,"https://www.ncbi.nlm.nih.gov/bioproject/PRJNA218110","https://www.ncbi.nlm.nih.gov/bioproject/PRJNA218110","https://www.ncbi.nlm.nih.gov/bioproject/PRJNA218110","https://www.ncbi.nlm.nih.gov/bioproject/PRJNA218110",NA,NA,NA,"https://www.ncbi.nlm.nih.gov/bioproject/PRJNA218110","https://www.ncbi.nlm.nih.gov/bioproject/PRJNA218110","https://www.ncbi.nlm.nih.gov/bioproject/PRJNA218110","https://www.ncbi.nlm.nih.gov/bioproject/PRJNA218110",NA,NA,NA,NA,NA,"https://www.ncbi.nlm.nih.gov/bioproject/PRJNA218110",NA,NA,NA,NA,NA,"https://www.ncbi.nlm.nih.gov/bioproject/PRJNA218110","https://www.ncbi.nlm.nih.gov/bioproject/PRJNA218110","https://www.ncbi.nlm.nih.gov/bioproject/PRJNA218110","https://www.ncbi.nlm.nih.gov/bioproject/PRJNA218110",NA,NA,"https://www.ncbi.nlm.nih.gov/bioproject/PRJNA218110",NA,"https://www.ncbi.nlm.nih.gov/bioproject/PRJNA218110","https://www.ncbi.nlm.nih.gov/bioproject/PRJNA218110","https://www.ncbi.nlm.nih.gov/bioproject/PRJNA218110","https://www.ncbi.nlm.nih.gov/bioproject/PRJNA218110","https://www.ncbi.nlm.nih.gov/bioproject/PRJNA218110","https://www.ncbi.nlm.nih.gov/bioproject/PRJNA218110","https://www.ncbi.nlm.nih.gov/bioproject/PRJNA218110","https://www.ncbi.nlm.nih.gov/bioproject/PRJNA218110",NA,NA,"https://www.ncbi.nlm.nih.gov/bioproject/PRJNA218110",NA,"https://www.ncbi.nlm.nih.gov/bioproject/PRJNA218110",NA,"https://www.ncbi.nlm.nih.gov/bioproject/PRJNA218110","https://www.ncbi.nlm.nih.gov/bioproject/PRJNA218110"
"12","https://www.ncbi.nlm.nih.gov/pubmed/26194736",NA,NA,NA,"https://www.ncbi.nlm.nih.gov/bioproject/PRJNA418674","https://www.ncbi.nlm.nih.gov/bioproject/PRJNA418674","https://www.ncbi.nlm.nih.gov/bioproject/PRJNA418674","https://www.ncbi.nlm.nih.gov/bioproject/PRJNA418674",NA,NA,NA,NA,NA,NA,NA,NA,NA,NA,NA,"https://www.ncbi.nlm.nih.gov/bioproject/PRJNA418674","https://www.ncbi.nlm.nih.gov/bioproject/PRJNA418674",NA,NA,NA,NA,NA,NA,NA,NA,NA,NA,"https://www.ncbi.nlm.nih.gov/bioproject/PRJNA418674","https://www.ncbi.nlm.nih.gov/bioproject/PRJNA418674","https://www.ncbi.nlm.nih.gov/bioproject/PRJNA418674","https://www.ncbi.nlm.nih.gov/bioproject/PRJNA418674",NA,NA,NA,NA,NA,NA,NA,"https://www.ncbi.nlm.nih.gov/bioproject/PRJNA418674",NA,NA,NA,"https://www.ncbi.nlm.nih.gov/bioproject/PRJNA418674",NA,NA,"https://www.ncbi.nlm.nih.gov/bioproject/PRJNA418674",NA,NA,"https://www.ncbi.nlm.nih.gov/bioproject/PRJNA418674","https://www.ncbi.nlm.nih.gov/bioproject/PRJNA418674","https://www.ncbi.nlm.nih.gov/bioproject/PRJNA418674","https://www.ncbi.nlm.nih.gov/bioproject/PRJNA418674","https://www.ncbi.nlm.nih.gov/bioproject/PRJNA418674","https://www.ncbi.nlm.nih.gov/bioproject/PRJNA418674","https://www.ncbi.nlm.nih.gov/bioproject/PRJNA418674","https://www.ncbi.nlm.nih.gov/bioproject/PRJNA418674",NA,NA,NA,"https://www.ncbi.nlm.nih.gov/bioproject/PRJNA418674",NA,"https://www.ncbi.nlm.nih.gov/bioproject/PRJNA418674","https://www.ncbi.nlm.nih.gov/bioproject/PRJNA418674","https://www.ncbi.nlm.nih.gov/bioproject/PRJNA418674",NA,NA,NA,NA,NA,"https://www.ncbi.nlm.nih.gov/bioproject/PRJNA418674",NA,NA,"https://www.ncbi.nlm.nih.gov/bioproject/PRJNA418674","https://www.ncbi.nlm.nih.gov/bioproject/PRJNA418674",NA,"https://www.ncbi.nlm.nih.gov/bioproject/PRJNA418674","https://www.ncbi.nlm.nih.gov/bioproject/PRJNA418674","https://www.ncbi.nlm.nih.gov/bioproject/PRJNA418674","https://www.ncbi.nlm.nih.gov/bioproject/PRJNA418674","https://www.ncbi.nlm.nih.gov/bioproject/PRJNA418674","https://www.ncbi.nlm.nih.gov/bioproject/PRJNA418674","https://www.ncbi.nlm.nih.gov/bioproject/PRJNA418674",NA,"https://www.ncbi.nlm.nih.gov/bioproject/PRJNA418674","https://www.ncbi.nlm.nih.gov/bioproject/PRJNA418674","https://www.ncbi.nlm.nih.gov/bioproject/PRJNA418674","https://www.ncbi.nlm.nih.gov/bioproject/PRJNA418674","https://www.ncbi.nlm.nih.gov/bioproject/PRJNA418674","https://www.ncbi.nlm.nih.gov/bioproject/PRJNA418674","https://www.ncbi.nlm.nih.gov/bioproject/PRJNA418674","https://www.ncbi.nlm.nih.gov/bioproject/PRJNA418674","https://www.ncbi.nlm.nih.gov/bioproject/PRJNA418674","https://www.ncbi.nlm.nih.gov/bioproject/PRJNA418674","https://www.ncbi.nlm.nih.gov/bioproject/PRJNA418674","https://www.ncbi.nlm.nih.gov/bioproject/PRJNA418674","https://www.ncbi.nlm.nih.gov/bioproject/PRJNA418674",NA,"https://www.ncbi.nlm.nih.gov/bioproject/PRJNA418674","https://www.ncbi.nlm.nih.gov/bioproject/PRJNA418674"
"13","https://www.ncbi.nlm.nih.gov/pubmed/26238191",NA,NA,NA,"https://www.ncbi.nlm.nih.gov/bioproject/PRJEB2846",NA,NA,NA,NA,NA,NA,NA,NA,NA,NA,NA,NA,NA,NA,NA,NA,NA,NA,NA,NA,NA,NA,NA,NA,NA,NA,NA,NA,NA,NA,NA,NA,NA,NA,NA,NA,NA,NA,NA,NA,NA,NA,NA,NA,NA,NA,NA,NA,NA,NA,NA,NA,NA,NA,NA,NA,NA,NA,NA,NA,NA,NA,NA,NA,NA,NA,NA,NA,NA,NA,NA,NA,NA,NA,NA,NA,NA,NA,NA,NA,NA,NA,NA,"https://www.ncbi.nlm.nih.gov/bioproject/PRJEB2846",NA,NA,NA,NA,NA,NA,NA,NA,NA,NA,NA,NA,NA,NA
"14","https://www.ncbi.nlm.nih.gov/pubmed/26251502",NA,NA,NA,NA,NA,NA,NA,NA,NA,NA,NA,NA,NA,NA,NA,NA,NA,NA,NA,NA,NA,NA,NA,NA,NA,NA,NA,NA,NA,NA,NA,NA,NA,NA,NA,NA,NA,NA,NA,NA,NA,NA,NA,NA,NA,NA,NA,NA,NA,NA,NA,NA,NA,NA,NA,NA,NA,NA,NA,NA,NA,NA,NA,NA,NA,NA,NA,NA,NA,NA,NA,NA,NA,NA,NA,NA,NA,NA,NA,NA,NA,NA,NA,NA,NA,NA,NA,NA,NA,NA,NA,NA,NA,"https://www.ncbi.nlm.nih.gov/bioproject/PRJNA243331",NA,NA,NA,NA,NA,NA,NA,NA
"15","https://www.ncbi.nlm.nih.gov/pubmed/26311863","https://www.ncbi.nlm.nih.gov/bioproject/PRJNA285020",NA,NA,NA,NA,NA,NA,NA,NA,NA,NA,NA,NA,NA,NA,NA,NA,NA,NA,NA,NA,NA,NA,NA,NA,NA,NA,NA,NA,NA,NA,NA,NA,NA,NA,NA,NA,NA,NA,NA,NA,NA,NA,NA,NA,NA,NA,NA,NA,NA,NA,NA,NA,NA,NA,NA,NA,NA,NA,NA,NA,NA,NA,NA,NA,NA,NA,NA,NA,NA,NA,NA,NA,NA,NA,NA,NA,NA,NA,NA,NA,NA,NA,NA,NA,NA,NA,NA,NA,NA,NA,NA,NA,"https://www.ncbi.nlm.nih.gov/bioproject/PRJNA285020",NA,NA,NA,NA,NA,NA,NA,"https://www.ncbi.nlm.nih.gov/bioproject/PRJNA285020"
"16","https://www.ncbi.nlm.nih.gov/pubmed/26430026","https://www.ncbi.nlm.nih.gov/bioproject/PRJNA230969","https://www.ncbi.nlm.nih.gov/bioproject/PRJNA230969",NA,"https://www.ncbi.nlm.nih.gov/bioproject/PRJNA230969",NA,NA,NA,NA,NA,NA,NA,NA,NA,NA,NA,NA,NA,NA,NA,NA,NA,NA,NA,NA,NA,NA,NA,"https://www.ncbi.nlm.nih.gov/bioproject/PRJNA230969","https://www.ncbi.nlm.nih.gov/bioproject/PRJNA230969","https://www.ncbi.nlm.nih.gov/bioproject/PRJNA230969","https://www.ncbi.nlm.nih.gov/bioproject/PRJNA230969","https://www.ncbi.nlm.nih.gov/bioproject/PRJNA230969","https://www.ncbi.nlm.nih.gov/bioproject/PRJNA230969",NA,NA,NA,NA,NA,NA,NA,NA,NA,NA,NA,NA,NA,NA,NA,NA,"https://www.ncbi.nlm.nih.gov/bioproject/PRJNA230969","https://www.ncbi.nlm.nih.gov/bioproject/PRJNA230969","https://www.ncbi.nlm.nih.gov/bioproject/PRJNA230969",NA,"https://www.ncbi.nlm.nih.gov/bioproject/PRJNA230969",NA,"https://www.ncbi.nlm.nih.gov/bioproject/PRJNA230969","https://www.ncbi.nlm.nih.gov/bioproject/PRJNA230969","https://www.ncbi.nlm.nih.gov/bioproject/PRJNA230969","https://www.ncbi.nlm.nih.gov/bioproject/PRJNA230969",NA,NA,NA,NA,"https://www.ncbi.nlm.nih.gov/bioproject/PRJNA230969","https://www.ncbi.nlm.nih.gov/bioproject/PRJNA230969","https://www.ncbi.nlm.nih.gov/bioproject/PRJNA230969","https://www.ncbi.nlm.nih.gov/bioproject/PRJNA230969",NA,NA,NA,NA,NA,"https://www.ncbi.nlm.nih.gov/bioproject/PRJNA230969",NA,NA,NA,"https://www.ncbi.nlm.nih.gov/bioproject/PRJNA230969",NA,"https://www.ncbi.nlm.nih.gov/bioproject/PRJNA230969","https://www.ncbi.nlm.nih.gov/bioproject/PRJNA230969",NA,"https://www.ncbi.nlm.nih.gov/bioproject/PRJNA230969",NA,NA,NA,NA,"https://www.ncbi.nlm.nih.gov/bioproject/PRJNA230969","https://www.ncbi.nlm.nih.gov/bioproject/PRJNA230969","https://www.ncbi.nlm.nih.gov/bioproject/PRJNA230969","https://www.ncbi.nlm.nih.gov/bioproject/PRJNA230969","https://www.ncbi.nlm.nih.gov/bioproject/PRJNA230969","https://www.ncbi.nlm.nih.gov/bioproject/PRJNA230969","https://www.ncbi.nlm.nih.gov/bioproject/PRJNA230969","https://www.ncbi.nlm.nih.gov/bioproject/PRJNA230969",NA,NA,"https://www.ncbi.nlm.nih.gov/bioproject/PRJNA230969",NA,"https://www.ncbi.nlm.nih.gov/bioproject/PRJNA230969",NA,"https://www.ncbi.nlm.nih.gov/bioproject/PRJNA230969","https://www.ncbi.nlm.nih.gov/bioproject/PRJNA230969"
"17","https://www.ncbi.nlm.nih.gov/pubmed/26442781",NA,NA,NA,NA,NA,NA,NA,NA,NA,NA,NA,NA,NA,NA,NA,NA,NA,NA,NA,NA,NA,NA,NA,NA,NA,NA,NA,NA,NA,NA,NA,NA,NA,NA,NA,NA,NA,NA,NA,NA,NA,NA,NA,NA,NA,NA,NA,NA,NA,NA,NA,NA,NA,NA,NA,NA,NA,NA,NA,NA,NA,NA,NA,NA,NA,NA,NA,NA,NA,NA,NA,NA,NA,NA,NA,NA,NA,NA,NA,NA,NA,NA,NA,NA,NA,NA,NA,NA,NA,NA,NA,NA,NA,"https://www.ncbi.nlm.nih.gov/bioproject/PRJNA472992",NA,NA,NA,NA,NA,NA,NA,NA
"18","https://www.ncbi.nlm.nih.gov/pubmed/26543109",NA,NA,NA,NA,NA,NA,NA,NA,NA,NA,NA,NA,NA,NA,NA,NA,NA,NA,NA,NA,NA,NA,NA,NA,NA,NA,NA,NA,NA,NA,NA,NA,NA,NA,NA,NA,NA,NA,NA,NA,NA,NA,NA,NA,NA,NA,NA,NA,NA,NA,NA,NA,NA,NA,NA,NA,NA,NA,NA,NA,NA,NA,NA,NA,NA,NA,NA,NA,NA,NA,NA,NA,NA,NA,NA,NA,NA,NA,NA,NA,NA,NA,NA,NA,NA,NA,NA,NA,NA,NA,NA,NA,"https://www.ncbi.nlm.nih.gov/bioproject/PRJNA294467",NA,NA,NA,NA,NA,NA,NA,NA,NA
"19","https://www.ncbi.nlm.nih.gov/pubmed/26625187",NA,NA,NA,NA,NA,NA,NA,NA,NA,NA,NA,NA,NA,NA,NA,NA,NA,NA,NA,NA,NA,NA,NA,NA,NA,NA,NA,NA,NA,NA,NA,NA,NA,NA,NA,NA,NA,NA,NA,NA,NA,NA,NA,NA,NA,NA,NA,NA,NA,NA,NA,NA,NA,NA,NA,NA,NA,NA,NA,NA,NA,NA,NA,NA,NA,NA,NA,NA,NA,NA,NA,NA,NA,NA,NA,NA,NA,NA,NA,NA,NA,NA,NA,NA,NA,NA,NA,NA,NA,NA,"https://www.ncbi.nlm.nih.gov/bioproject/PRJNA291542",NA,NA,NA,NA,NA,NA,NA,"https://www.ncbi.nlm.nih.gov/bioproject/PRJNA291542",NA,"https://www.ncbi.nlm.nih.gov/bioproject/PRJNA291542",NA
"20","https://www.ncbi.nlm.nih.gov/pubmed/26679598",NA,"https://www.ncbi.nlm.nih.gov/bioproject/PRJNA218110","https://www.ncbi.nlm.nih.gov/bioproject/PRJNA218110","https://www.ncbi.nlm.nih.gov/bioproject/PRJNA218110",NA,NA,NA,NA,NA,NA,NA,NA,NA,NA,NA,NA,NA,NA,NA,NA,NA,NA,NA,NA,NA,NA,NA,NA,"https://www.ncbi.nlm.nih.gov/bioproject/PRJNA218110","https://www.ncbi.nlm.nih.gov/bioproject/PRJNA218110","https://www.ncbi.nlm.nih.gov/bioproject/PRJNA218110","https://www.ncbi.nlm.nih.gov/bioproject/PRJNA218110","https://www.ncbi.nlm.nih.gov/bioproject/PRJNA218110",NA,NA,NA,NA,NA,NA,NA,NA,NA,NA,NA,NA,NA,NA,NA,NA,"https://www.ncbi.nlm.nih.gov/bioproject/PRJNA218110","https://www.ncbi.nlm.nih.gov/bioproject/PRJNA218110","https://www.ncbi.nlm.nih.gov/bioproject/PRJNA218110",NA,"https://www.ncbi.nlm.nih.gov/bioproject/PRJNA218110",NA,NA,"https://www.ncbi.nlm.nih.gov/bioproject/PRJNA218110","https://www.ncbi.nlm.nih.gov/bioproject/PRJNA218110","https://www.ncbi.nlm.nih.gov/bioproject/PRJNA218110","https://www.ncbi.nlm.nih.gov/bioproject/PRJNA218110",NA,NA,NA,"https://www.ncbi.nlm.nih.gov/bioproject/PRJNA218110","https://www.ncbi.nlm.nih.gov/bioproject/PRJNA218110","https://www.ncbi.nlm.nih.gov/bioproject/PRJNA218110","https://www.ncbi.nlm.nih.gov/bioproject/PRJNA218110",NA,NA,NA,NA,NA,"https://www.ncbi.nlm.nih.gov/bioproject/PRJNA218110",NA,NA,NA,NA,NA,"https://www.ncbi.nlm.nih.gov/bioproject/PRJNA218110","https://www.ncbi.nlm.nih.gov/bioproject/PRJNA218110","https://www.ncbi.nlm.nih.gov/bioproject/PRJNA218110","https://www.ncbi.nlm.nih.gov/bioproject/PRJNA218110",NA,NA,"https://www.ncbi.nlm.nih.gov/bioproject/PRJNA218110",NA,"https://www.ncbi.nlm.nih.gov/bioproject/PRJNA218110","https://www.ncbi.nlm.nih.gov/bioproject/PRJNA218110","https://www.ncbi.nlm.nih.gov/bioproject/PRJNA218110","https://www.ncbi.nlm.nih.gov/bioproject/PRJNA218110","https://www.ncbi.nlm.nih.gov/bioproject/PRJNA218110","https://www.ncbi.nlm.nih.gov/bioproject/PRJNA218110","https://www.ncbi.nlm.nih.gov/bioproject/PRJNA218110","https://www.ncbi.nlm.nih.gov/bioproject/PRJNA218110",NA,NA,"https://www.ncbi.nlm.nih.gov/bioproject/PRJNA218110",NA,"https://www.ncbi.nlm.nih.gov/bioproject/PRJNA218110",NA,"https://www.ncbi.nlm.nih.gov/bioproject/PRJNA218110","https://www.ncbi.nlm.nih.gov/bioproject/PRJNA218110"
"21","https://www.ncbi.nlm.nih.gov/pubmed/26868385",NA,NA,NA,NA,NA,NA,NA,NA,NA,NA,NA,NA,NA,NA,NA,NA,NA,NA,NA,NA,NA,NA,NA,NA,NA,NA,NA,NA,NA,NA,NA,NA,NA,NA,NA,NA,NA,NA,NA,NA,NA,NA,NA,NA,NA,NA,NA,NA,NA,NA,NA,NA,NA,NA,NA,NA,NA,NA,NA,NA,NA,NA,NA,NA,NA,NA,NA,NA,NA,NA,NA,NA,NA,NA,NA,NA,NA,NA,NA,"https://www.ncbi.nlm.nih.gov/bioproject/PRJNA298688",NA,NA,NA,NA,NA,NA,NA,NA,NA,NA,"https://www.ncbi.nlm.nih.gov/bioproject/PRJNA298688",NA,NA,NA,NA,NA,NA,NA,NA,NA,"https://www.ncbi.nlm.nih.gov/bioproject/PRJNA298688",NA
"22","https://www.ncbi.nlm.nih.gov/pubmed/27056235",NA,NA,NA,"https://www.ncbi.nlm.nih.gov/bioproject/PRJNA298331",NA,NA,NA,NA,NA,NA,NA,NA,NA,NA,NA,NA,NA,NA,NA,NA,NA,NA,NA,NA,NA,NA,NA,NA,NA,NA,NA,NA,NA,NA,NA,NA,NA,NA,NA,NA,NA,NA,NA,NA,NA,NA,NA,NA,NA,NA,NA,NA,NA,"https://www.ncbi.nlm.nih.gov/bioproject/PRJNA298331",NA,NA,NA,NA,NA,NA,NA,NA,NA,NA,NA,NA,NA,NA,NA,NA,NA,NA,NA,NA,NA,NA,NA,NA,"https://www.ncbi.nlm.nih.gov/bioproject/PRJNA298331","https://www.ncbi.nlm.nih.gov/bioproject/PRJNA298331",NA,NA,NA,NA,"https://www.ncbi.nlm.nih.gov/bioproject/PRJNA298331",NA,NA,"https://www.ncbi.nlm.nih.gov/bioproject/PRJNA298331",NA,"https://www.ncbi.nlm.nih.gov/bioproject/PRJNA298331","https://www.ncbi.nlm.nih.gov/bioproject/PRJNA298331",NA,"https://www.ncbi.nlm.nih.gov/bioproject/PRJNA298331","https://www.ncbi.nlm.nih.gov/bioproject/PRJNA298331",NA,NA,NA,NA,"https://www.ncbi.nlm.nih.gov/bioproject/PRJNA298331",NA,"https://www.ncbi.nlm.nih.gov/bioproject/PRJNA298331",NA
"23","https://www.ncbi.nlm.nih.gov/pubmed/27058887","https://www.ncbi.nlm.nih.gov/bioproject/PRJNA285020",NA,NA,NA,NA,NA,NA,NA,NA,NA,NA,NA,NA,NA,NA,NA,NA,NA,NA,NA,NA,NA,NA,NA,NA,NA,NA,NA,NA,NA,NA,NA,NA,NA,NA,NA,NA,NA,NA,NA,NA,NA,NA,NA,NA,NA,NA,NA,NA,NA,NA,NA,NA,NA,NA,NA,NA,NA,NA,NA,NA,NA,NA,NA,NA,NA,NA,NA,NA,NA,NA,NA,NA,NA,NA,NA,NA,NA,NA,NA,NA,NA,NA,NA,NA,NA,NA,NA,NA,NA,NA,NA,NA,"https://www.ncbi.nlm.nih.gov/bioproject/PRJNA285020",NA,NA,NA,NA,NA,NA,NA,"https://www.ncbi.nlm.nih.gov/bioproject/PRJNA285020"
"24","https://www.ncbi.nlm.nih.gov/pubmed/27199951",NA,NA,NA,NA,NA,NA,NA,NA,NA,NA,NA,NA,NA,NA,NA,NA,NA,NA,NA,NA,NA,NA,NA,NA,NA,NA,NA,NA,NA,NA,NA,NA,NA,NA,NA,NA,NA,NA,NA,NA,NA,NA,NA,NA,NA,NA,NA,NA,NA,NA,NA,NA,NA,NA,NA,NA,NA,NA,NA,NA,NA,NA,NA,NA,NA,NA,NA,NA,NA,NA,NA,NA,NA,NA,NA,NA,NA,NA,NA,"https://www.ncbi.nlm.nih.gov/bioproject/PRJNA266030",NA,NA,NA,NA,NA,NA,NA,NA,NA,NA,NA,NA,NA,NA,NA,NA,NA,NA,NA,NA,NA,NA
"25","https://www.ncbi.nlm.nih.gov/pubmed/27260356",NA,NA,NA,NA,NA,NA,NA,NA,NA,NA,NA,NA,NA,NA,NA,NA,NA,NA,NA,NA,NA,NA,NA,NA,NA,NA,NA,NA,NA,NA,NA,NA,NA,NA,NA,NA,NA,NA,NA,NA,NA,NA,NA,NA,NA,NA,NA,NA,NA,NA,NA,NA,NA,NA,NA,NA,NA,NA,NA,NA,NA,NA,NA,NA,NA,NA,NA,NA,NA,NA,NA,NA,NA,NA,NA,NA,NA,NA,NA,NA,NA,NA,NA,NA,NA,NA,NA,NA,NA,"https://www.ncbi.nlm.nih.gov/bioproject/PRJNA203445",NA,NA,NA,NA,NA,NA,NA,NA,NA,NA,NA,NA
"26","https://www.ncbi.nlm.nih.gov/pubmed/27365352",NA,"https://www.ncbi.nlm.nih.gov/bioproject/PRJNA218110","https://www.ncbi.nlm.nih.gov/bioproject/PRJNA218110","https://www.ncbi.nlm.nih.gov/bioproject/PRJNA218110",NA,NA,NA,NA,NA,NA,NA,NA,NA,NA,NA,NA,NA,NA,NA,NA,NA,NA,NA,NA,NA,NA,NA,NA,"https://www.ncbi.nlm.nih.gov/bioproject/PRJNA218110","https://www.ncbi.nlm.nih.gov/bioproject/PRJNA218110","https://www.ncbi.nlm.nih.gov/bioproject/PRJNA218110","https://www.ncbi.nlm.nih.gov/bioproject/PRJNA218110","https://www.ncbi.nlm.nih.gov/bioproject/PRJNA218110",NA,NA,NA,NA,NA,NA,NA,NA,NA,NA,NA,NA,NA,NA,NA,NA,"https://www.ncbi.nlm.nih.gov/bioproject/PRJNA218110","https://www.ncbi.nlm.nih.gov/bioproject/PRJNA218110","https://www.ncbi.nlm.nih.gov/bioproject/PRJNA218110",NA,"https://www.ncbi.nlm.nih.gov/bioproject/PRJNA218110",NA,NA,"https://www.ncbi.nlm.nih.gov/bioproject/PRJNA218110","https://www.ncbi.nlm.nih.gov/bioproject/PRJNA218110","https://www.ncbi.nlm.nih.gov/bioproject/PRJNA218110","https://www.ncbi.nlm.nih.gov/bioproject/PRJNA218110",NA,NA,NA,"https://www.ncbi.nlm.nih.gov/bioproject/PRJNA218110","https://www.ncbi.nlm.nih.gov/bioproject/PRJNA218110","https://www.ncbi.nlm.nih.gov/bioproject/PRJNA218110","https://www.ncbi.nlm.nih.gov/bioproject/PRJNA218110",NA,NA,NA,NA,NA,"https://www.ncbi.nlm.nih.gov/bioproject/PRJNA218110",NA,NA,NA,NA,NA,"https://www.ncbi.nlm.nih.gov/bioproject/PRJNA218110","https://www.ncbi.nlm.nih.gov/bioproject/PRJNA218110","https://www.ncbi.nlm.nih.gov/bioproject/PRJNA218110","https://www.ncbi.nlm.nih.gov/bioproject/PRJNA218110",NA,NA,"https://www.ncbi.nlm.nih.gov/bioproject/PRJNA218110",NA,"https://www.ncbi.nlm.nih.gov/bioproject/PRJNA218110","https://www.ncbi.nlm.nih.gov/bioproject/PRJNA218110","https://www.ncbi.nlm.nih.gov/bioproject/PRJNA218110","https://www.ncbi.nlm.nih.gov/bioproject/PRJNA218110","https://www.ncbi.nlm.nih.gov/bioproject/PRJNA218110","https://www.ncbi.nlm.nih.gov/bioproject/PRJNA218110","https://www.ncbi.nlm.nih.gov/bioproject/PRJNA218110","https://www.ncbi.nlm.nih.gov/bioproject/PRJNA218110",NA,NA,"https://www.ncbi.nlm.nih.gov/bioproject/PRJNA218110",NA,"https://www.ncbi.nlm.nih.gov/bioproject/PRJNA218110",NA,"https://www.ncbi.nlm.nih.gov/bioproject/PRJNA218110","https://www.ncbi.nlm.nih.gov/bioproject/PRJNA218110"
"27","https://www.ncbi.nlm.nih.gov/pubmed/27432456",NA,NA,NA,"https://www.ncbi.nlm.nih.gov/bioproject/PRJEB5065",NA,NA,NA,NA,NA,NA,NA,NA,NA,NA,NA,NA,NA,NA,NA,NA,NA,NA,NA,NA,NA,NA,NA,"https://www.ncbi.nlm.nih.gov/bioproject/PRJEB5065",NA,NA,NA,NA,NA,NA,NA,NA,NA,NA,NA,NA,NA,NA,NA,NA,NA,NA,NA,NA,NA,NA,NA,NA,NA,NA,NA,NA,NA,NA,NA,NA,NA,NA,NA,NA,NA,NA,NA,NA,NA,NA,NA,NA,NA,NA,NA,NA,NA,NA,"https://www.ncbi.nlm.nih.gov/bioproject/PRJEB5065","https://www.ncbi.nlm.nih.gov/bioproject/PRJEB5065",NA,NA,NA,NA,NA,NA,NA,"https://www.ncbi.nlm.nih.gov/bioproject/PRJEB5065",NA,NA,"https://www.ncbi.nlm.nih.gov/bioproject/PRJEB5065",NA,"https://www.ncbi.nlm.nih.gov/bioproject/PRJEB5065","https://www.ncbi.nlm.nih.gov/bioproject/PRJEB5065",NA,NA,NA,NA,"https://www.ncbi.nlm.nih.gov/bioproject/PRJEB5065",NA,"https://www.ncbi.nlm.nih.gov/bioproject/PRJEB5065","https://www.ncbi.nlm.nih.gov/bioproject/PRJEB5065"
"28","https://www.ncbi.nlm.nih.gov/pubmed/27506685",NA,NA,NA,NA,NA,NA,NA,NA,NA,NA,NA,NA,NA,NA,NA,NA,NA,NA,NA,NA,NA,NA,NA,NA,NA,NA,NA,"https://www.ncbi.nlm.nih.gov/bioproject/PRJNA386069",NA,NA,NA,NA,NA,NA,NA,NA,NA,NA,NA,NA,NA,NA,NA,NA,NA,NA,NA,NA,NA,NA,NA,NA,NA,NA,NA,NA,NA,NA,NA,NA,NA,NA,NA,NA,NA,NA,NA,NA,NA,NA,NA,NA,NA,NA,NA,NA,NA,NA,NA,NA,NA,NA,NA,NA,"https://www.ncbi.nlm.nih.gov/bioproject/PRJNA386074",NA,NA,NA,NA,NA,NA,NA,NA,"https://www.ncbi.nlm.nih.gov/bioproject/PRJNA386074","https://www.ncbi.nlm.nih.gov/bioproject/PRJNA386074",NA,NA,NA,NA,NA,NA,NA
"29","https://www.ncbi.nlm.nih.gov/pubmed/27642751",NA,NA,NA,"https://www.ncbi.nlm.nih.gov/bioproject/PRJNA298331",NA,NA,NA,NA,NA,NA,NA,NA,NA,NA,NA,NA,NA,NA,NA,NA,NA,NA,NA,NA,NA,NA,NA,NA,NA,NA,NA,NA,NA,NA,NA,NA,NA,NA,NA,NA,NA,NA,NA,NA,NA,NA,NA,NA,NA,NA,NA,NA,NA,"https://www.ncbi.nlm.nih.gov/bioproject/PRJNA298331",NA,NA,NA,NA,NA,NA,NA,NA,NA,NA,NA,NA,NA,NA,NA,NA,NA,NA,NA,NA,NA,NA,NA,NA,"https://www.ncbi.nlm.nih.gov/bioproject/PRJNA298331","https://www.ncbi.nlm.nih.gov/bioproject/PRJNA298331",NA,NA,NA,NA,"https://www.ncbi.nlm.nih.gov/bioproject/PRJNA298331",NA,NA,"https://www.ncbi.nlm.nih.gov/bioproject/PRJNA298331",NA,"https://www.ncbi.nlm.nih.gov/bioproject/PRJNA298331","https://www.ncbi.nlm.nih.gov/bioproject/PRJNA298331",NA,"https://www.ncbi.nlm.nih.gov/bioproject/PRJNA298331","https://www.ncbi.nlm.nih.gov/bioproject/PRJNA298331",NA,NA,NA,NA,"https://www.ncbi.nlm.nih.gov/bioproject/PRJNA298331",NA,"https://www.ncbi.nlm.nih.gov/bioproject/PRJNA298331",NA
"30","https://www.ncbi.nlm.nih.gov/pubmed/27679611",NA,NA,NA,NA,NA,NA,NA,NA,NA,NA,NA,NA,NA,NA,NA,NA,NA,NA,NA,NA,NA,NA,NA,NA,NA,NA,NA,NA,NA,NA,NA,NA,NA,NA,NA,NA,NA,NA,NA,NA,NA,NA,NA,NA,NA,NA,NA,NA,NA,NA,NA,NA,NA,NA,NA,NA,NA,NA,NA,NA,NA,NA,NA,NA,NA,NA,NA,NA,NA,NA,NA,NA,NA,NA,NA,NA,NA,NA,NA,NA,NA,NA,NA,NA,NA,NA,NA,NA,NA,NA,NA,NA,"https://www.ncbi.nlm.nih.gov/bioproject/PRJNA311932","https://www.ncbi.nlm.nih.gov/bioproject/PRJNA311932",NA,NA,NA,NA,NA,NA,NA,NA
"31","https://www.ncbi.nlm.nih.gov/pubmed/28000056",NA,NA,NA,NA,NA,NA,NA,NA,NA,NA,NA,NA,NA,NA,NA,NA,NA,NA,NA,NA,NA,NA,NA,NA,NA,NA,NA,NA,NA,NA,NA,NA,NA,NA,NA,NA,NA,NA,NA,NA,"https://www.ncbi.nlm.nih.gov/bioproject/PRJNA380692","https://www.ncbi.nlm.nih.gov/bioproject/PRJNA380692",NA,NA,NA,NA,NA,"https://www.ncbi.nlm.nih.gov/bioproject/PRJNA380692","https://www.ncbi.nlm.nih.gov/bioproject/PRJNA380692",NA,NA,NA,NA,"https://www.ncbi.nlm.nih.gov/bioproject/PRJNA380692",NA,NA,NA,NA,NA,NA,NA,NA,NA,NA,NA,NA,NA,NA,NA,NA,NA,NA,NA,NA,NA,NA,NA,NA,NA,NA,NA,NA,NA,NA,NA,NA,NA,NA,NA,NA,"https://www.ncbi.nlm.nih.gov/bioproject/PRJNA380692","https://www.ncbi.nlm.nih.gov/bioproject/PRJNA380692","https://www.ncbi.nlm.nih.gov/bioproject/PRJNA380692",NA,NA,NA,NA,NA,"https://www.ncbi.nlm.nih.gov/bioproject/PRJNA380692",NA,"https://www.ncbi.nlm.nih.gov/bioproject/PRJNA380692",NA
"32","https://www.ncbi.nlm.nih.gov/pubmed/28028547",NA,NA,NA,NA,NA,NA,NA,NA,NA,NA,NA,NA,NA,NA,NA,NA,NA,NA,NA,NA,NA,NA,NA,NA,NA,NA,NA,NA,NA,NA,NA,NA,NA,NA,NA,NA,NA,NA,NA,NA,NA,NA,NA,NA,NA,NA,NA,NA,NA,NA,NA,NA,NA,NA,NA,NA,NA,NA,NA,NA,NA,NA,NA,NA,NA,NA,NA,NA,NA,NA,NA,NA,NA,NA,NA,NA,NA,NA,NA,NA,NA,NA,NA,NA,NA,NA,NA,NA,NA,NA,NA,NA,"https://www.ncbi.nlm.nih.gov/bioproject/PRJNA300887",NA,NA,NA,NA,NA,NA,NA,NA,NA
"33","https://www.ncbi.nlm.nih.gov/pubmed/28221970",NA,NA,NA,"https://www.ncbi.nlm.nih.gov/bioproject/PRJNA319494",NA,NA,NA,NA,NA,NA,NA,NA,NA,NA,NA,NA,NA,NA,NA,NA,NA,NA,NA,NA,NA,NA,NA,NA,NA,NA,NA,NA,NA,NA,NA,NA,NA,NA,NA,NA,NA,NA,NA,NA,NA,NA,NA,NA,NA,NA,NA,NA,NA,NA,NA,NA,NA,NA,NA,NA,NA,NA,NA,NA,NA,NA,NA,NA,NA,NA,NA,NA,NA,NA,NA,NA,NA,NA,NA,NA,NA,NA,NA,NA,NA,NA,NA,NA,NA,NA,NA,NA,NA,"https://www.ncbi.nlm.nih.gov/bioproject/PRJNA319494",NA,NA,NA,NA,NA,NA,NA,NA
"34","https://www.ncbi.nlm.nih.gov/pubmed/28302788",NA,"https://www.ncbi.nlm.nih.gov/bioproject/PRJNA218110","https://www.ncbi.nlm.nih.gov/bioproject/PRJNA218110","https://www.ncbi.nlm.nih.gov/bioproject/PRJNA218110",NA,NA,NA,NA,NA,NA,NA,NA,NA,NA,NA,NA,NA,NA,NA,NA,NA,NA,NA,NA,NA,NA,NA,NA,"https://www.ncbi.nlm.nih.gov/bioproject/PRJNA218110","https://www.ncbi.nlm.nih.gov/bioproject/PRJNA218110","https://www.ncbi.nlm.nih.gov/bioproject/PRJNA218110","https://www.ncbi.nlm.nih.gov/bioproject/PRJNA218110","https://www.ncbi.nlm.nih.gov/bioproject/PRJNA218110",NA,NA,NA,NA,NA,NA,NA,NA,NA,NA,NA,NA,NA,NA,NA,NA,"https://www.ncbi.nlm.nih.gov/bioproject/PRJNA218110","https://www.ncbi.nlm.nih.gov/bioproject/PRJNA218110","https://www.ncbi.nlm.nih.gov/bioproject/PRJNA218110",NA,"https://www.ncbi.nlm.nih.gov/bioproject/PRJNA218110",NA,NA,"https://www.ncbi.nlm.nih.gov/bioproject/PRJNA218110","https://www.ncbi.nlm.nih.gov/bioproject/PRJNA218110","https://www.ncbi.nlm.nih.gov/bioproject/PRJNA218110","https://www.ncbi.nlm.nih.gov/bioproject/PRJNA218110",NA,NA,NA,"https://www.ncbi.nlm.nih.gov/bioproject/PRJNA218110","https://www.ncbi.nlm.nih.gov/bioproject/PRJNA218110","https://www.ncbi.nlm.nih.gov/bioproject/PRJNA218110","https://www.ncbi.nlm.nih.gov/bioproject/PRJNA218110",NA,NA,NA,NA,NA,"https://www.ncbi.nlm.nih.gov/bioproject/PRJNA218110",NA,NA,NA,NA,NA,"https://www.ncbi.nlm.nih.gov/bioproject/PRJNA218110","https://www.ncbi.nlm.nih.gov/bioproject/PRJNA218110","https://www.ncbi.nlm.nih.gov/bioproject/PRJNA218110","https://www.ncbi.nlm.nih.gov/bioproject/PRJNA218110",NA,NA,"https://www.ncbi.nlm.nih.gov/bioproject/PRJNA218110",NA,"https://www.ncbi.nlm.nih.gov/bioproject/PRJNA218110","https://www.ncbi.nlm.nih.gov/bioproject/PRJNA218110","https://www.ncbi.nlm.nih.gov/bioproject/PRJNA218110","https://www.ncbi.nlm.nih.gov/bioproject/PRJNA218110","https://www.ncbi.nlm.nih.gov/bioproject/PRJNA218110","https://www.ncbi.nlm.nih.gov/bioproject/PRJNA218110","https://www.ncbi.nlm.nih.gov/bioproject/PRJNA218110","https://www.ncbi.nlm.nih.gov/bioproject/PRJNA218110",NA,NA,"https://www.ncbi.nlm.nih.gov/bioproject/PRJNA218110",NA,"https://www.ncbi.nlm.nih.gov/bioproject/PRJNA218110",NA,"https://www.ncbi.nlm.nih.gov/bioproject/PRJNA218110","https://www.ncbi.nlm.nih.gov/bioproject/PRJNA218110"
"35","https://www.ncbi.nlm.nih.gov/pubmed/28424528",NA,NA,NA,NA,NA,NA,NA,NA,NA,NA,NA,NA,NA,NA,NA,NA,NA,NA,NA,NA,NA,NA,NA,NA,NA,NA,NA,NA,NA,NA,NA,NA,NA,NA,NA,NA,NA,NA,NA,NA,NA,NA,NA,NA,NA,NA,NA,NA,NA,NA,NA,NA,NA,NA,NA,NA,NA,NA,NA,NA,NA,NA,NA,NA,NA,NA,NA,NA,NA,NA,NA,NA,NA,NA,NA,NA,NA,NA,NA,NA,NA,NA,NA,NA,NA,NA,NA,"https://www.ncbi.nlm.nih.gov/bioproject/PRJDB5007",NA,NA,NA,NA,NA,"https://www.ncbi.nlm.nih.gov/bioproject/PRJDB5007",NA,NA,NA,NA,NA,NA,NA,NA
"36","https://www.ncbi.nlm.nih.gov/pubmed/28472479",NA,NA,NA,NA,NA,NA,NA,NA,NA,NA,NA,NA,NA,NA,NA,NA,NA,NA,NA,NA,NA,NA,NA,NA,NA,NA,NA,NA,NA,NA,NA,NA,NA,NA,NA,NA,NA,NA,NA,NA,NA,NA,NA,NA,NA,NA,NA,NA,NA,NA,NA,NA,NA,NA,NA,NA,NA,NA,NA,NA,NA,NA,NA,NA,NA,NA,NA,NA,NA,NA,NA,NA,NA,NA,NA,NA,NA,NA,NA,"https://www.ncbi.nlm.nih.gov/bioproject/PRJNA406824",NA,"https://www.ncbi.nlm.nih.gov/bioproject/PRJNA406824",NA,NA,NA,NA,NA,"https://www.ncbi.nlm.nih.gov/bioproject/PRJNA406824",NA,NA,NA,NA,NA,NA,NA,NA,NA,NA,NA,NA,NA,NA
"37","https://www.ncbi.nlm.nih.gov/pubmed/28550057","https://www.ncbi.nlm.nih.gov/bioproject/PRJNA230969","https://www.ncbi.nlm.nih.gov/bioproject/PRJNA230969",NA,"https://www.ncbi.nlm.nih.gov/bioproject/PRJNA230969",NA,NA,NA,NA,NA,NA,NA,NA,NA,NA,NA,NA,NA,NA,NA,NA,NA,NA,NA,NA,NA,NA,NA,"https://www.ncbi.nlm.nih.gov/bioproject/PRJNA230969","https://www.ncbi.nlm.nih.gov/bioproject/PRJNA230969","https://www.ncbi.nlm.nih.gov/bioproject/PRJNA230969","https://www.ncbi.nlm.nih.gov/bioproject/PRJNA230969","https://www.ncbi.nlm.nih.gov/bioproject/PRJNA230969","https://www.ncbi.nlm.nih.gov/bioproject/PRJNA230969",NA,NA,NA,NA,NA,NA,NA,NA,NA,NA,NA,NA,NA,NA,NA,NA,"https://www.ncbi.nlm.nih.gov/bioproject/PRJNA230969","https://www.ncbi.nlm.nih.gov/bioproject/PRJNA230969","https://www.ncbi.nlm.nih.gov/bioproject/PRJNA230969",NA,"https://www.ncbi.nlm.nih.gov/bioproject/PRJNA230969",NA,"https://www.ncbi.nlm.nih.gov/bioproject/PRJNA230969","https://www.ncbi.nlm.nih.gov/bioproject/PRJNA230969","https://www.ncbi.nlm.nih.gov/bioproject/PRJNA230969","https://www.ncbi.nlm.nih.gov/bioproject/PRJNA230969",NA,NA,NA,NA,"https://www.ncbi.nlm.nih.gov/bioproject/PRJNA230969","https://www.ncbi.nlm.nih.gov/bioproject/PRJNA230969","https://www.ncbi.nlm.nih.gov/bioproject/PRJNA230969","https://www.ncbi.nlm.nih.gov/bioproject/PRJNA230969",NA,NA,NA,NA,NA,"https://www.ncbi.nlm.nih.gov/bioproject/PRJNA230969",NA,NA,NA,"https://www.ncbi.nlm.nih.gov/bioproject/PRJNA230969",NA,"https://www.ncbi.nlm.nih.gov/bioproject/PRJNA230969","https://www.ncbi.nlm.nih.gov/bioproject/PRJNA230969",NA,"https://www.ncbi.nlm.nih.gov/bioproject/PRJNA230969",NA,NA,NA,NA,"https://www.ncbi.nlm.nih.gov/bioproject/PRJNA230969","https://www.ncbi.nlm.nih.gov/bioproject/PRJNA230969","https://www.ncbi.nlm.nih.gov/bioproject/PRJNA230969","https://www.ncbi.nlm.nih.gov/bioproject/PRJNA230969","https://www.ncbi.nlm.nih.gov/bioproject/PRJNA230969","https://www.ncbi.nlm.nih.gov/bioproject/PRJNA230969","https://www.ncbi.nlm.nih.gov/bioproject/PRJNA230969","https://www.ncbi.nlm.nih.gov/bioproject/PRJNA230969",NA,NA,"https://www.ncbi.nlm.nih.gov/bioproject/PRJNA230969",NA,"https://www.ncbi.nlm.nih.gov/bioproject/PRJNA230969",NA,"https://www.ncbi.nlm.nih.gov/bioproject/PRJNA230969","https://www.ncbi.nlm.nih.gov/bioproject/PRJNA230969"
"38","https://www.ncbi.nlm.nih.gov/pubmed/28686503",NA,NA,NA,"https://www.ncbi.nlm.nih.gov/bioproject/PRJNA358785",NA,NA,NA,NA,NA,NA,NA,NA,NA,NA,NA,NA,NA,NA,NA,NA,NA,NA,NA,NA,NA,NA,NA,"https://www.ncbi.nlm.nih.gov/bioproject/PRJNA358785",NA,NA,NA,NA,NA,NA,NA,NA,NA,NA,NA,NA,NA,NA,NA,NA,NA,NA,NA,NA,NA,NA,NA,NA,NA,NA,NA,NA,NA,NA,NA,NA,NA,NA,NA,NA,NA,NA,NA,NA,NA,NA,NA,NA,NA,NA,NA,NA,NA,NA,NA,NA,NA,NA,NA,NA,"https://www.ncbi.nlm.nih.gov/bioproject/PRJNA358785",NA,NA,NA,NA,NA,NA,NA,"https://www.ncbi.nlm.nih.gov/bioproject/PRJNA358785","https://www.ncbi.nlm.nih.gov/bioproject/PRJNA358785","https://www.ncbi.nlm.nih.gov/bioproject/PRJNA358785",NA,"https://www.ncbi.nlm.nih.gov/bioproject/PRJNA358785",NA,NA,NA,NA,NA
"39","https://www.ncbi.nlm.nih.gov/pubmed/28726622",NA,NA,NA,NA,NA,NA,NA,NA,NA,NA,NA,NA,NA,NA,NA,NA,NA,NA,NA,NA,NA,NA,NA,NA,NA,NA,NA,NA,NA,NA,NA,NA,NA,NA,NA,NA,NA,NA,NA,NA,NA,NA,NA,NA,NA,NA,NA,NA,NA,NA,NA,NA,NA,NA,NA,NA,NA,NA,NA,NA,NA,NA,NA,NA,NA,NA,NA,NA,NA,NA,NA,NA,NA,NA,NA,NA,NA,NA,NA,NA,NA,NA,NA,NA,NA,NA,NA,"https://www.ncbi.nlm.nih.gov/bioproject/PRJNA368625",NA,NA,NA,NA,NA,NA,NA,NA,NA,NA,NA,NA,NA,NA
"40","https://www.ncbi.nlm.nih.gov/pubmed/28797328",NA,NA,NA,"https://www.ncbi.nlm.nih.gov/bioproject/PRJNA394656",NA,NA,NA,NA,NA,NA,NA,NA,NA,NA,NA,NA,NA,NA,NA,NA,NA,NA,NA,NA,NA,NA,NA,NA,NA,NA,NA,NA,NA,NA,NA,NA,NA,NA,NA,NA,NA,NA,NA,NA,NA,NA,NA,NA,NA,NA,NA,NA,NA,NA,NA,NA,NA,NA,NA,NA,NA,NA,NA,NA,NA,NA,NA,NA,NA,NA,NA,NA,NA,NA,NA,NA,NA,NA,NA,NA,NA,NA,NA,NA,"https://www.ncbi.nlm.nih.gov/bioproject/PRJNA394656",NA,NA,NA,NA,NA,"https://www.ncbi.nlm.nih.gov/bioproject/PRJNA394656","https://www.ncbi.nlm.nih.gov/bioproject/PRJNA394656",NA,"https://www.ncbi.nlm.nih.gov/bioproject/PRJNA394656",NA,NA,NA,NA,"https://www.ncbi.nlm.nih.gov/bioproject/PRJNA394656",NA,"https://www.ncbi.nlm.nih.gov/bioproject/PRJNA394656",NA
"41","https://www.ncbi.nlm.nih.gov/pubmed/28860257",NA,"https://www.ncbi.nlm.nih.gov/bioproject/PRJNA218110","https://www.ncbi.nlm.nih.gov/bioproject/PRJNA218110","https://www.ncbi.nlm.nih.gov/bioproject/PRJNA218110",NA,NA,NA,NA,NA,NA,NA,NA,NA,NA,NA,NA,NA,NA,NA,NA,NA,NA,NA,NA,NA,NA,NA,NA,"https://www.ncbi.nlm.nih.gov/bioproject/PRJNA218110","https://www.ncbi.nlm.nih.gov/bioproject/PRJNA218110","https://www.ncbi.nlm.nih.gov/bioproject/PRJNA218110","https://www.ncbi.nlm.nih.gov/bioproject/PRJNA218110","https://www.ncbi.nlm.nih.gov/bioproject/PRJNA218110",NA,NA,NA,NA,NA,NA,NA,NA,NA,NA,NA,NA,NA,NA,NA,NA,"https://www.ncbi.nlm.nih.gov/bioproject/PRJNA218110","https://www.ncbi.nlm.nih.gov/bioproject/PRJNA218110","https://www.ncbi.nlm.nih.gov/bioproject/PRJNA218110",NA,"https://www.ncbi.nlm.nih.gov/bioproject/PRJNA218110",NA,NA,"https://www.ncbi.nlm.nih.gov/bioproject/PRJNA218110","https://www.ncbi.nlm.nih.gov/bioproject/PRJNA218110","https://www.ncbi.nlm.nih.gov/bioproject/PRJNA218110","https://www.ncbi.nlm.nih.gov/bioproject/PRJNA218110",NA,NA,NA,"https://www.ncbi.nlm.nih.gov/bioproject/PRJNA218110","https://www.ncbi.nlm.nih.gov/bioproject/PRJNA218110","https://www.ncbi.nlm.nih.gov/bioproject/PRJNA218110","https://www.ncbi.nlm.nih.gov/bioproject/PRJNA218110",NA,NA,NA,NA,NA,"https://www.ncbi.nlm.nih.gov/bioproject/PRJNA218110",NA,NA,NA,NA,NA,"https://www.ncbi.nlm.nih.gov/bioproject/PRJNA218110","https://www.ncbi.nlm.nih.gov/bioproject/PRJNA218110","https://www.ncbi.nlm.nih.gov/bioproject/PRJNA218110","https://www.ncbi.nlm.nih.gov/bioproject/PRJNA218110",NA,NA,"https://www.ncbi.nlm.nih.gov/bioproject/PRJNA218110",NA,"https://www.ncbi.nlm.nih.gov/bioproject/PRJNA218110","https://www.ncbi.nlm.nih.gov/bioproject/PRJNA218110","https://www.ncbi.nlm.nih.gov/bioproject/PRJNA218110","https://www.ncbi.nlm.nih.gov/bioproject/PRJNA218110","https://www.ncbi.nlm.nih.gov/bioproject/PRJNA218110","https://www.ncbi.nlm.nih.gov/bioproject/PRJNA218110","https://www.ncbi.nlm.nih.gov/bioproject/PRJNA218110","https://www.ncbi.nlm.nih.gov/bioproject/PRJNA218110",NA,NA,"https://www.ncbi.nlm.nih.gov/bioproject/PRJNA218110",NA,"https://www.ncbi.nlm.nih.gov/bioproject/PRJNA218110",NA,"https://www.ncbi.nlm.nih.gov/bioproject/PRJNA218110","https://www.ncbi.nlm.nih.gov/bioproject/PRJNA218110"
"42","https://www.ncbi.nlm.nih.gov/pubmed/28935873",NA,NA,NA,NA,NA,NA,NA,NA,NA,NA,NA,NA,NA,NA,NA,NA,NA,NA,NA,NA,NA,NA,NA,NA,NA,NA,NA,NA,NA,NA,NA,NA,NA,NA,NA,NA,NA,NA,NA,NA,NA,NA,NA,NA,NA,NA,NA,NA,NA,NA,NA,NA,NA,"https://www.ncbi.nlm.nih.gov/bioproject/PRJNA381431",NA,NA,NA,NA,NA,NA,NA,NA,NA,NA,NA,NA,NA,NA,NA,NA,NA,NA,NA,NA,NA,NA,NA,NA,NA,"https://www.ncbi.nlm.nih.gov/bioproject/PRJNA381431",NA,NA,NA,NA,NA,NA,NA,NA,NA,NA,"https://www.ncbi.nlm.nih.gov/bioproject/PRJNA381431",NA,"https://www.ncbi.nlm.nih.gov/bioproject/PRJNA381431",NA,NA,NA,NA,NA,"https://www.ncbi.nlm.nih.gov/bioproject/PRJNA381431",NA,"https://www.ncbi.nlm.nih.gov/bioproject/PRJNA381431",NA
"43","https://www.ncbi.nlm.nih.gov/pubmed/29051750",NA,NA,NA,"https://www.ncbi.nlm.nih.gov/bioproject/PRJNA352198",NA,NA,NA,NA,NA,NA,NA,NA,NA,NA,NA,NA,NA,NA,NA,NA,NA,NA,NA,NA,NA,NA,NA,"https://www.ncbi.nlm.nih.gov/bioproject/PRJNA352198",NA,NA,NA,NA,NA,NA,NA,NA,NA,NA,NA,NA,NA,NA,NA,NA,NA,NA,NA,NA,NA,NA,NA,NA,NA,NA,NA,NA,NA,NA,NA,NA,NA,NA,NA,NA,NA,NA,NA,NA,NA,NA,NA,NA,NA,NA,NA,NA,NA,NA,"https://www.ncbi.nlm.nih.gov/bioproject/PRJNA352198","https://www.ncbi.nlm.nih.gov/bioproject/PRJNA352198",NA,NA,NA,NA,"https://www.ncbi.nlm.nih.gov/bioproject/PRJNA352198",NA,NA,NA,NA,NA,"https://www.ncbi.nlm.nih.gov/bioproject/PRJNA352198",NA,"https://www.ncbi.nlm.nih.gov/bioproject/PRJNA352198","https://www.ncbi.nlm.nih.gov/bioproject/PRJNA352198","https://www.ncbi.nlm.nih.gov/bioproject/PRJNA352198",NA,NA,NA,"https://www.ncbi.nlm.nih.gov/bioproject/PRJNA352198",NA,"https://www.ncbi.nlm.nih.gov/bioproject/PRJNA352198",NA
"44","https://www.ncbi.nlm.nih.gov/pubmed/29242221","https://www.ncbi.nlm.nih.gov/bioproject/PRJNA230969","https://www.ncbi.nlm.nih.gov/bioproject/PRJNA230969",NA,"https://www.ncbi.nlm.nih.gov/bioproject/PRJNA230969",NA,NA,NA,NA,NA,NA,NA,NA,NA,NA,NA,NA,NA,NA,NA,NA,NA,NA,NA,NA,NA,NA,NA,"https://www.ncbi.nlm.nih.gov/bioproject/PRJNA230969","https://www.ncbi.nlm.nih.gov/bioproject/PRJNA230969","https://www.ncbi.nlm.nih.gov/bioproject/PRJNA230969","https://www.ncbi.nlm.nih.gov/bioproject/PRJNA230969","https://www.ncbi.nlm.nih.gov/bioproject/PRJNA230969","https://www.ncbi.nlm.nih.gov/bioproject/PRJNA230969",NA,NA,NA,NA,NA,NA,NA,NA,NA,NA,NA,NA,NA,NA,NA,NA,"https://www.ncbi.nlm.nih.gov/bioproject/PRJNA230969","https://www.ncbi.nlm.nih.gov/bioproject/PRJNA230969","https://www.ncbi.nlm.nih.gov/bioproject/PRJNA230969",NA,"https://www.ncbi.nlm.nih.gov/bioproject/PRJNA230969",NA,"https://www.ncbi.nlm.nih.gov/bioproject/PRJNA230969","https://www.ncbi.nlm.nih.gov/bioproject/PRJNA230969","https://www.ncbi.nlm.nih.gov/bioproject/PRJNA230969","https://www.ncbi.nlm.nih.gov/bioproject/PRJNA230969",NA,NA,NA,NA,"https://www.ncbi.nlm.nih.gov/bioproject/PRJNA230969","https://www.ncbi.nlm.nih.gov/bioproject/PRJNA230969","https://www.ncbi.nlm.nih.gov/bioproject/PRJNA230969","https://www.ncbi.nlm.nih.gov/bioproject/PRJNA230969",NA,NA,NA,NA,NA,"https://www.ncbi.nlm.nih.gov/bioproject/PRJNA230969",NA,NA,NA,"https://www.ncbi.nlm.nih.gov/bioproject/PRJNA230969",NA,"https://www.ncbi.nlm.nih.gov/bioproject/PRJNA230969","https://www.ncbi.nlm.nih.gov/bioproject/PRJNA230969",NA,"https://www.ncbi.nlm.nih.gov/bioproject/PRJNA230969",NA,NA,NA,NA,"https://www.ncbi.nlm.nih.gov/bioproject/PRJNA230969","https://www.ncbi.nlm.nih.gov/bioproject/PRJNA230969","https://www.ncbi.nlm.nih.gov/bioproject/PRJNA230969","https://www.ncbi.nlm.nih.gov/bioproject/PRJNA230969","https://www.ncbi.nlm.nih.gov/bioproject/PRJNA230969","https://www.ncbi.nlm.nih.gov/bioproject/PRJNA230969","https://www.ncbi.nlm.nih.gov/bioproject/PRJNA230969","https://www.ncbi.nlm.nih.gov/bioproject/PRJNA230969",NA,NA,"https://www.ncbi.nlm.nih.gov/bioproject/PRJNA230969",NA,"https://www.ncbi.nlm.nih.gov/bioproject/PRJNA230969",NA,"https://www.ncbi.nlm.nih.gov/bioproject/PRJNA230969","https://www.ncbi.nlm.nih.gov/bioproject/PRJNA230969"
"45","https://www.ncbi.nlm.nih.gov/pubmed/29301876",NA,"https://www.ncbi.nlm.nih.gov/bioproject/PRJNA218110","https://www.ncbi.nlm.nih.gov/bioproject/PRJNA218110","https://www.ncbi.nlm.nih.gov/bioproject/PRJNA218110",NA,NA,NA,NA,NA,NA,NA,NA,NA,NA,NA,NA,NA,NA,NA,NA,NA,NA,NA,NA,NA,NA,NA,NA,"https://www.ncbi.nlm.nih.gov/bioproject/PRJNA218110","https://www.ncbi.nlm.nih.gov/bioproject/PRJNA218110","https://www.ncbi.nlm.nih.gov/bioproject/PRJNA218110","https://www.ncbi.nlm.nih.gov/bioproject/PRJNA218110","https://www.ncbi.nlm.nih.gov/bioproject/PRJNA218110",NA,NA,NA,NA,NA,NA,NA,NA,NA,NA,NA,NA,NA,NA,NA,NA,"https://www.ncbi.nlm.nih.gov/bioproject/PRJNA218110","https://www.ncbi.nlm.nih.gov/bioproject/PRJNA218110","https://www.ncbi.nlm.nih.gov/bioproject/PRJNA218110",NA,"https://www.ncbi.nlm.nih.gov/bioproject/PRJNA218110",NA,NA,"https://www.ncbi.nlm.nih.gov/bioproject/PRJNA218110","https://www.ncbi.nlm.nih.gov/bioproject/PRJNA218110","https://www.ncbi.nlm.nih.gov/bioproject/PRJNA218110","https://www.ncbi.nlm.nih.gov/bioproject/PRJNA218110",NA,NA,NA,"https://www.ncbi.nlm.nih.gov/bioproject/PRJNA218110","https://www.ncbi.nlm.nih.gov/bioproject/PRJNA218110","https://www.ncbi.nlm.nih.gov/bioproject/PRJNA218110","https://www.ncbi.nlm.nih.gov/bioproject/PRJNA218110",NA,NA,NA,NA,NA,"https://www.ncbi.nlm.nih.gov/bioproject/PRJNA218110",NA,NA,NA,NA,NA,"https://www.ncbi.nlm.nih.gov/bioproject/PRJNA218110","https://www.ncbi.nlm.nih.gov/bioproject/PRJNA218110","https://www.ncbi.nlm.nih.gov/bioproject/PRJNA218110","https://www.ncbi.nlm.nih.gov/bioproject/PRJNA218110",NA,NA,"https://www.ncbi.nlm.nih.gov/bioproject/PRJNA218110",NA,"https://www.ncbi.nlm.nih.gov/bioproject/PRJNA218110","https://www.ncbi.nlm.nih.gov/bioproject/PRJNA218110","https://www.ncbi.nlm.nih.gov/bioproject/PRJNA218110","https://www.ncbi.nlm.nih.gov/bioproject/PRJNA218110","https://www.ncbi.nlm.nih.gov/bioproject/PRJNA218110","https://www.ncbi.nlm.nih.gov/bioproject/PRJNA218110","https://www.ncbi.nlm.nih.gov/bioproject/PRJNA218110","https://www.ncbi.nlm.nih.gov/bioproject/PRJNA218110",NA,NA,"https://www.ncbi.nlm.nih.gov/bioproject/PRJNA218110",NA,"https://www.ncbi.nlm.nih.gov/bioproject/PRJNA218110",NA,"https://www.ncbi.nlm.nih.gov/bioproject/PRJNA218110","https://www.ncbi.nlm.nih.gov/bioproject/PRJNA218110"
"46","https://www.ncbi.nlm.nih.gov/pubmed/29326203",NA,"https://www.ncbi.nlm.nih.gov/bioproject/PRJNA218110","https://www.ncbi.nlm.nih.gov/bioproject/PRJNA218110","https://www.ncbi.nlm.nih.gov/bioproject/PRJNA218110",NA,NA,NA,NA,NA,NA,NA,NA,NA,NA,NA,NA,NA,NA,NA,NA,NA,NA,NA,NA,NA,NA,NA,NA,"https://www.ncbi.nlm.nih.gov/bioproject/PRJNA218110","https://www.ncbi.nlm.nih.gov/bioproject/PRJNA218110","https://www.ncbi.nlm.nih.gov/bioproject/PRJNA218110","https://www.ncbi.nlm.nih.gov/bioproject/PRJNA218110","https://www.ncbi.nlm.nih.gov/bioproject/PRJNA218110",NA,NA,NA,NA,NA,NA,NA,NA,NA,NA,NA,NA,NA,NA,NA,NA,"https://www.ncbi.nlm.nih.gov/bioproject/PRJNA218110","https://www.ncbi.nlm.nih.gov/bioproject/PRJNA218110","https://www.ncbi.nlm.nih.gov/bioproject/PRJNA218110",NA,"https://www.ncbi.nlm.nih.gov/bioproject/PRJNA218110",NA,NA,"https://www.ncbi.nlm.nih.gov/bioproject/PRJNA218110","https://www.ncbi.nlm.nih.gov/bioproject/PRJNA218110","https://www.ncbi.nlm.nih.gov/bioproject/PRJNA218110","https://www.ncbi.nlm.nih.gov/bioproject/PRJNA218110",NA,NA,NA,"https://www.ncbi.nlm.nih.gov/bioproject/PRJNA218110","https://www.ncbi.nlm.nih.gov/bioproject/PRJNA218110","https://www.ncbi.nlm.nih.gov/bioproject/PRJNA218110","https://www.ncbi.nlm.nih.gov/bioproject/PRJNA218110",NA,NA,NA,NA,NA,"https://www.ncbi.nlm.nih.gov/bioproject/PRJNA218110",NA,NA,NA,NA,NA,"https://www.ncbi.nlm.nih.gov/bioproject/PRJNA218110","https://www.ncbi.nlm.nih.gov/bioproject/PRJNA218110","https://www.ncbi.nlm.nih.gov/bioproject/PRJNA218110","https://www.ncbi.nlm.nih.gov/bioproject/PRJNA218110",NA,NA,"https://www.ncbi.nlm.nih.gov/bioproject/PRJNA218110",NA,"https://www.ncbi.nlm.nih.gov/bioproject/PRJNA218110","https://www.ncbi.nlm.nih.gov/bioproject/PRJNA218110","https://www.ncbi.nlm.nih.gov/bioproject/PRJNA218110","https://www.ncbi.nlm.nih.gov/bioproject/PRJNA218110","https://www.ncbi.nlm.nih.gov/bioproject/PRJNA218110","https://www.ncbi.nlm.nih.gov/bioproject/PRJNA218110","https://www.ncbi.nlm.nih.gov/bioproject/PRJNA218110","https://www.ncbi.nlm.nih.gov/bioproject/PRJNA218110",NA,NA,"https://www.ncbi.nlm.nih.gov/bioproject/PRJNA218110",NA,"https://www.ncbi.nlm.nih.gov/bioproject/PRJNA218110",NA,"https://www.ncbi.nlm.nih.gov/bioproject/PRJNA218110","https://www.ncbi.nlm.nih.gov/bioproject/PRJNA218110"
"47","https://www.ncbi.nlm.nih.gov/pubmed/29378715",NA,NA,NA,NA,NA,NA,NA,NA,NA,NA,NA,NA,NA,NA,NA,NA,NA,NA,NA,NA,NA,NA,NA,NA,NA,NA,NA,NA,NA,NA,NA,NA,NA,NA,NA,NA,NA,NA,NA,NA,NA,NA,NA,NA,NA,NA,NA,NA,NA,NA,NA,NA,NA,NA,NA,NA,NA,NA,NA,NA,NA,NA,NA,NA,NA,NA,NA,NA,NA,NA,NA,NA,NA,NA,NA,NA,NA,NA,NA,NA,NA,"https://www.ncbi.nlm.nih.gov/bioproject/PRJNA432030",NA,NA,"https://www.ncbi.nlm.nih.gov/bioproject/PRJNA432030",NA,NA,NA,NA,NA,NA,NA,NA,"https://www.ncbi.nlm.nih.gov/bioproject/PRJNA432030","https://www.ncbi.nlm.nih.gov/bioproject/PRJNA432030","https://www.ncbi.nlm.nih.gov/bioproject/PRJNA432030","https://www.ncbi.nlm.nih.gov/bioproject/PRJNA432030",NA,NA,NA,NA,NA
"48","https://www.ncbi.nlm.nih.gov/pubmed/29437920",NA,NA,NA,NA,NA,NA,NA,NA,NA,NA,NA,NA,NA,NA,NA,NA,NA,NA,NA,NA,NA,NA,NA,NA,NA,NA,NA,NA,NA,NA,NA,NA,NA,NA,NA,NA,NA,NA,NA,NA,NA,NA,NA,NA,NA,NA,NA,NA,NA,NA,NA,NA,NA,NA,NA,NA,NA,NA,NA,NA,NA,NA,NA,NA,NA,NA,NA,NA,NA,NA,NA,NA,NA,NA,NA,NA,NA,NA,NA,"https://www.ncbi.nlm.nih.gov/bioproject/PRJNA430813",NA,"https://www.ncbi.nlm.nih.gov/bioproject/PRJNA430813",NA,NA,NA,NA,NA,"https://www.ncbi.nlm.nih.gov/bioproject/PRJNA430813",NA,"https://www.ncbi.nlm.nih.gov/bioproject/PRJNA430813",NA,NA,"https://www.ncbi.nlm.nih.gov/bioproject/PRJNA430813",NA,NA,NA,NA,NA,NA,NA,NA,NA
"49","https://www.ncbi.nlm.nih.gov/pubmed/29479347",NA,NA,NA,NA,NA,NA,NA,NA,NA,NA,NA,NA,NA,NA,NA,NA,NA,NA,NA,NA,NA,NA,NA,NA,NA,NA,NA,NA,NA,NA,NA,NA,NA,NA,NA,NA,NA,NA,NA,NA,NA,NA,NA,NA,NA,NA,NA,NA,NA,NA,NA,NA,NA,NA,NA,NA,NA,NA,NA,NA,NA,NA,NA,NA,NA,NA,NA,NA,NA,NA,NA,NA,NA,NA,NA,NA,NA,NA,NA,NA,NA,NA,NA,NA,NA,NA,NA,"https://www.ncbi.nlm.nih.gov/bioproject/PRJNA412434",NA,"https://www.ncbi.nlm.nih.gov/bioproject/PRJNA412434",NA,NA,NA,NA,NA,NA,NA,NA,NA,NA,NA,NA
"50","https://www.ncbi.nlm.nih.gov/pubmed/29535301",NA,NA,NA,"https://www.ncbi.nlm.nih.gov/bioproject/PRJNA417344",NA,NA,NA,"https://www.ncbi.nlm.nih.gov/bioproject/PRJNA417344","https://www.ncbi.nlm.nih.gov/bioproject/PRJNA417344","https://www.ncbi.nlm.nih.gov/bioproject/PRJNA417344","https://www.ncbi.nlm.nih.gov/bioproject/PRJNA417344","https://www.ncbi.nlm.nih.gov/bioproject/PRJNA417344","https://www.ncbi.nlm.nih.gov/bioproject/PRJNA417344","https://www.ncbi.nlm.nih.gov/bioproject/PRJNA417344","https://www.ncbi.nlm.nih.gov/bioproject/PRJNA417344","https://www.ncbi.nlm.nih.gov/bioproject/PRJNA417344","https://www.ncbi.nlm.nih.gov/bioproject/PRJNA417344","https://www.ncbi.nlm.nih.gov/bioproject/PRJNA417344",NA,NA,"https://www.ncbi.nlm.nih.gov/bioproject/PRJNA417344","https://www.ncbi.nlm.nih.gov/bioproject/PRJNA417344","https://www.ncbi.nlm.nih.gov/bioproject/PRJNA417344","https://www.ncbi.nlm.nih.gov/bioproject/PRJNA417344","https://www.ncbi.nlm.nih.gov/bioproject/PRJNA417344","https://www.ncbi.nlm.nih.gov/bioproject/PRJNA417344","https://www.ncbi.nlm.nih.gov/bioproject/PRJNA417344","https://www.ncbi.nlm.nih.gov/bioproject/PRJNA417344","https://www.ncbi.nlm.nih.gov/bioproject/PRJNA417344","https://www.ncbi.nlm.nih.gov/bioproject/PRJNA417344","https://www.ncbi.nlm.nih.gov/bioproject/PRJNA417344","https://www.ncbi.nlm.nih.gov/bioproject/PRJNA417344","https://www.ncbi.nlm.nih.gov/bioproject/PRJNA417344","https://www.ncbi.nlm.nih.gov/bioproject/PRJNA417344","https://www.ncbi.nlm.nih.gov/bioproject/PRJNA417344","https://www.ncbi.nlm.nih.gov/bioproject/PRJNA417344","https://www.ncbi.nlm.nih.gov/bioproject/PRJNA417344","https://www.ncbi.nlm.nih.gov/bioproject/PRJNA417344","https://www.ncbi.nlm.nih.gov/bioproject/PRJNA417344","https://www.ncbi.nlm.nih.gov/bioproject/PRJNA417344","https://www.ncbi.nlm.nih.gov/bioproject/PRJNA417344","https://www.ncbi.nlm.nih.gov/bioproject/PRJNA417344","https://www.ncbi.nlm.nih.gov/bioproject/PRJNA417344","https://www.ncbi.nlm.nih.gov/bioproject/PRJNA417344","https://www.ncbi.nlm.nih.gov/bioproject/PRJNA417344","https://www.ncbi.nlm.nih.gov/bioproject/PRJNA417344","https://www.ncbi.nlm.nih.gov/bioproject/PRJNA417344","https://www.ncbi.nlm.nih.gov/bioproject/PRJNA417344","https://www.ncbi.nlm.nih.gov/bioproject/PRJNA417344","https://www.ncbi.nlm.nih.gov/bioproject/PRJNA417344","https://www.ncbi.nlm.nih.gov/bioproject/PRJNA417344","https://www.ncbi.nlm.nih.gov/bioproject/PRJNA417344","https://www.ncbi.nlm.nih.gov/bioproject/PRJNA417344","https://www.ncbi.nlm.nih.gov/bioproject/PRJNA417344","https://www.ncbi.nlm.nih.gov/bioproject/PRJNA417344","https://www.ncbi.nlm.nih.gov/bioproject/PRJNA417344","https://www.ncbi.nlm.nih.gov/bioproject/PRJNA417344","https://www.ncbi.nlm.nih.gov/bioproject/PRJNA417344","https://www.ncbi.nlm.nih.gov/bioproject/PRJNA417344","https://www.ncbi.nlm.nih.gov/bioproject/PRJNA417344","https://www.ncbi.nlm.nih.gov/bioproject/PRJNA417344","https://www.ncbi.nlm.nih.gov/bioproject/PRJNA417344","https://www.ncbi.nlm.nih.gov/bioproject/PRJNA417344","https://www.ncbi.nlm.nih.gov/bioproject/PRJNA417344","https://www.ncbi.nlm.nih.gov/bioproject/PRJNA417344","https://www.ncbi.nlm.nih.gov/bioproject/PRJNA417344","https://www.ncbi.nlm.nih.gov/bioproject/PRJNA417344","https://www.ncbi.nlm.nih.gov/bioproject/PRJNA417344","https://www.ncbi.nlm.nih.gov/bioproject/PRJNA417344","https://www.ncbi.nlm.nih.gov/bioproject/PRJNA417344","https://www.ncbi.nlm.nih.gov/bioproject/PRJNA417344","https://www.ncbi.nlm.nih.gov/bioproject/PRJNA417344","https://www.ncbi.nlm.nih.gov/bioproject/PRJNA417344","https://www.ncbi.nlm.nih.gov/bioproject/PRJNA417344","https://www.ncbi.nlm.nih.gov/bioproject/PRJNA417344","https://www.ncbi.nlm.nih.gov/bioproject/PRJNA417344",NA,"https://www.ncbi.nlm.nih.gov/bioproject/PRJNA417344","https://www.ncbi.nlm.nih.gov/bioproject/PRJNA417344","https://www.ncbi.nlm.nih.gov/bioproject/PRJNA417344","https://www.ncbi.nlm.nih.gov/bioproject/PRJNA417344","https://www.ncbi.nlm.nih.gov/bioproject/PRJNA417344",NA,NA,"https://www.ncbi.nlm.nih.gov/bioproject/PRJNA417344","https://www.ncbi.nlm.nih.gov/bioproject/PRJNA417344","https://www.ncbi.nlm.nih.gov/bioproject/PRJNA417344","https://www.ncbi.nlm.nih.gov/bioproject/PRJNA417344","https://www.ncbi.nlm.nih.gov/bioproject/PRJNA417344","https://www.ncbi.nlm.nih.gov/bioproject/PRJNA417344","https://www.ncbi.nlm.nih.gov/bioproject/PRJNA417344","https://www.ncbi.nlm.nih.gov/bioproject/PRJNA417344","https://www.ncbi.nlm.nih.gov/bioproject/PRJNA417344","https://www.ncbi.nlm.nih.gov/bioproject/PRJNA417344","https://www.ncbi.nlm.nih.gov/bioproject/PRJNA417344","https://www.ncbi.nlm.nih.gov/bioproject/PRJNA417344","https://www.ncbi.nlm.nih.gov/bioproject/PRJNA417344",NA,"https://www.ncbi.nlm.nih.gov/bioproject/PRJNA417344","https://www.ncbi.nlm.nih.gov/bioproject/PRJNA417344","https://www.ncbi.nlm.nih.gov/bioproject/PRJNA417344","https://www.ncbi.nlm.nih.gov/bioproject/PRJNA417344"
"51","https://www.ncbi.nlm.nih.gov/pubmed/29650580",NA,"https://www.ncbi.nlm.nih.gov/bioproject/PRJNA218110","https://www.ncbi.nlm.nih.gov/bioproject/PRJNA218110","https://www.ncbi.nlm.nih.gov/bioproject/PRJNA218110",NA,NA,NA,NA,NA,NA,NA,NA,NA,NA,NA,NA,NA,NA,NA,NA,NA,NA,NA,NA,NA,NA,NA,NA,"https://www.ncbi.nlm.nih.gov/bioproject/PRJNA218110","https://www.ncbi.nlm.nih.gov/bioproject/PRJNA218110","https://www.ncbi.nlm.nih.gov/bioproject/PRJNA218110","https://www.ncbi.nlm.nih.gov/bioproject/PRJNA218110","https://www.ncbi.nlm.nih.gov/bioproject/PRJNA218110",NA,NA,NA,NA,NA,NA,NA,NA,NA,NA,NA,NA,NA,NA,NA,NA,"https://www.ncbi.nlm.nih.gov/bioproject/PRJNA218110","https://www.ncbi.nlm.nih.gov/bioproject/PRJNA218110","https://www.ncbi.nlm.nih.gov/bioproject/PRJNA218110",NA,"https://www.ncbi.nlm.nih.gov/bioproject/PRJNA218110",NA,NA,"https://www.ncbi.nlm.nih.gov/bioproject/PRJNA218110","https://www.ncbi.nlm.nih.gov/bioproject/PRJNA218110","https://www.ncbi.nlm.nih.gov/bioproject/PRJNA218110","https://www.ncbi.nlm.nih.gov/bioproject/PRJNA218110",NA,NA,NA,"https://www.ncbi.nlm.nih.gov/bioproject/PRJNA218110","https://www.ncbi.nlm.nih.gov/bioproject/PRJNA218110","https://www.ncbi.nlm.nih.gov/bioproject/PRJNA218110","https://www.ncbi.nlm.nih.gov/bioproject/PRJNA218110",NA,NA,NA,NA,NA,"https://www.ncbi.nlm.nih.gov/bioproject/PRJNA218110",NA,NA,NA,NA,NA,"https://www.ncbi.nlm.nih.gov/bioproject/PRJNA218110","https://www.ncbi.nlm.nih.gov/bioproject/PRJNA218110","https://www.ncbi.nlm.nih.gov/bioproject/PRJNA218110","https://www.ncbi.nlm.nih.gov/bioproject/PRJNA218110",NA,NA,"https://www.ncbi.nlm.nih.gov/bioproject/PRJNA218110",NA,"https://www.ncbi.nlm.nih.gov/bioproject/PRJNA218110","https://www.ncbi.nlm.nih.gov/bioproject/PRJNA218110","https://www.ncbi.nlm.nih.gov/bioproject/PRJNA218110","https://www.ncbi.nlm.nih.gov/bioproject/PRJNA218110","https://www.ncbi.nlm.nih.gov/bioproject/PRJNA218110","https://www.ncbi.nlm.nih.gov/bioproject/PRJNA218110","https://www.ncbi.nlm.nih.gov/bioproject/PRJNA218110","https://www.ncbi.nlm.nih.gov/bioproject/PRJNA218110",NA,NA,"https://www.ncbi.nlm.nih.gov/bioproject/PRJNA218110",NA,"https://www.ncbi.nlm.nih.gov/bioproject/PRJNA218110",NA,"https://www.ncbi.nlm.nih.gov/bioproject/PRJNA218110","https://www.ncbi.nlm.nih.gov/bioproject/PRJNA218110"
"52","https://www.ncbi.nlm.nih.gov/pubmed/29724828","https://www.ncbi.nlm.nih.gov/bioproject/PRJNA230969","https://www.ncbi.nlm.nih.gov/bioproject/PRJNA230969",NA,"https://www.ncbi.nlm.nih.gov/bioproject/PRJNA230969",NA,NA,NA,NA,NA,NA,NA,NA,NA,NA,NA,NA,NA,NA,NA,NA,NA,NA,NA,NA,NA,NA,NA,"https://www.ncbi.nlm.nih.gov/bioproject/PRJNA230969","https://www.ncbi.nlm.nih.gov/bioproject/PRJNA230969","https://www.ncbi.nlm.nih.gov/bioproject/PRJNA230969","https://www.ncbi.nlm.nih.gov/bioproject/PRJNA230969","https://www.ncbi.nlm.nih.gov/bioproject/PRJNA230969","https://www.ncbi.nlm.nih.gov/bioproject/PRJNA230969",NA,NA,NA,NA,NA,NA,NA,NA,NA,NA,NA,NA,NA,NA,NA,NA,"https://www.ncbi.nlm.nih.gov/bioproject/PRJNA230969","https://www.ncbi.nlm.nih.gov/bioproject/PRJNA230969","https://www.ncbi.nlm.nih.gov/bioproject/PRJNA230969",NA,"https://www.ncbi.nlm.nih.gov/bioproject/PRJNA230969",NA,"https://www.ncbi.nlm.nih.gov/bioproject/PRJNA230969","https://www.ncbi.nlm.nih.gov/bioproject/PRJNA230969","https://www.ncbi.nlm.nih.gov/bioproject/PRJNA230969","https://www.ncbi.nlm.nih.gov/bioproject/PRJNA230969",NA,NA,NA,NA,"https://www.ncbi.nlm.nih.gov/bioproject/PRJNA230969","https://www.ncbi.nlm.nih.gov/bioproject/PRJNA230969","https://www.ncbi.nlm.nih.gov/bioproject/PRJNA230969","https://www.ncbi.nlm.nih.gov/bioproject/PRJNA230969",NA,NA,NA,NA,NA,"https://www.ncbi.nlm.nih.gov/bioproject/PRJNA230969",NA,NA,NA,"https://www.ncbi.nlm.nih.gov/bioproject/PRJNA230969",NA,"https://www.ncbi.nlm.nih.gov/bioproject/PRJNA230969","https://www.ncbi.nlm.nih.gov/bioproject/PRJNA230969",NA,"https://www.ncbi.nlm.nih.gov/bioproject/PRJNA230969",NA,NA,NA,NA,"https://www.ncbi.nlm.nih.gov/bioproject/PRJNA230969","https://www.ncbi.nlm.nih.gov/bioproject/PRJNA230969","https://www.ncbi.nlm.nih.gov/bioproject/PRJNA230969","https://www.ncbi.nlm.nih.gov/bioproject/PRJNA230969","https://www.ncbi.nlm.nih.gov/bioproject/PRJNA230969","https://www.ncbi.nlm.nih.gov/bioproject/PRJNA230969","https://www.ncbi.nlm.nih.gov/bioproject/PRJNA230969","https://www.ncbi.nlm.nih.gov/bioproject/PRJNA230969",NA,NA,"https://www.ncbi.nlm.nih.gov/bioproject/PRJNA230969",NA,"https://www.ncbi.nlm.nih.gov/bioproject/PRJNA230969",NA,"https://www.ncbi.nlm.nih.gov/bioproject/PRJNA230969","https://www.ncbi.nlm.nih.gov/bioproject/PRJNA230969"
"53","https://www.ncbi.nlm.nih.gov/pubmed/29748405",NA,"https://www.ncbi.nlm.nih.gov/bioproject/PRJNA218110","https://www.ncbi.nlm.nih.gov/bioproject/PRJNA218110","https://www.ncbi.nlm.nih.gov/bioproject/PRJNA218110",NA,NA,NA,NA,NA,NA,NA,NA,NA,NA,NA,NA,NA,NA,NA,NA,NA,NA,NA,NA,NA,NA,NA,NA,"https://www.ncbi.nlm.nih.gov/bioproject/PRJNA218110","https://www.ncbi.nlm.nih.gov/bioproject/PRJNA218110","https://www.ncbi.nlm.nih.gov/bioproject/PRJNA218110","https://www.ncbi.nlm.nih.gov/bioproject/PRJNA218110","https://www.ncbi.nlm.nih.gov/bioproject/PRJNA218110",NA,NA,NA,NA,NA,NA,NA,NA,NA,NA,NA,NA,NA,NA,NA,NA,"https://www.ncbi.nlm.nih.gov/bioproject/PRJNA218110","https://www.ncbi.nlm.nih.gov/bioproject/PRJNA218110","https://www.ncbi.nlm.nih.gov/bioproject/PRJNA218110",NA,"https://www.ncbi.nlm.nih.gov/bioproject/PRJNA218110",NA,NA,"https://www.ncbi.nlm.nih.gov/bioproject/PRJNA218110","https://www.ncbi.nlm.nih.gov/bioproject/PRJNA218110","https://www.ncbi.nlm.nih.gov/bioproject/PRJNA218110","https://www.ncbi.nlm.nih.gov/bioproject/PRJNA218110",NA,NA,NA,"https://www.ncbi.nlm.nih.gov/bioproject/PRJNA218110","https://www.ncbi.nlm.nih.gov/bioproject/PRJNA218110","https://www.ncbi.nlm.nih.gov/bioproject/PRJNA218110","https://www.ncbi.nlm.nih.gov/bioproject/PRJNA218110",NA,NA,NA,NA,NA,"https://www.ncbi.nlm.nih.gov/bioproject/PRJNA218110",NA,NA,NA,NA,NA,"https://www.ncbi.nlm.nih.gov/bioproject/PRJNA218110","https://www.ncbi.nlm.nih.gov/bioproject/PRJNA218110","https://www.ncbi.nlm.nih.gov/bioproject/PRJNA218110","https://www.ncbi.nlm.nih.gov/bioproject/PRJNA218110",NA,NA,"https://www.ncbi.nlm.nih.gov/bioproject/PRJNA218110",NA,"https://www.ncbi.nlm.nih.gov/bioproject/PRJNA218110","https://www.ncbi.nlm.nih.gov/bioproject/PRJNA218110","https://www.ncbi.nlm.nih.gov/bioproject/PRJNA218110","https://www.ncbi.nlm.nih.gov/bioproject/PRJNA218110","https://www.ncbi.nlm.nih.gov/bioproject/PRJNA218110","https://www.ncbi.nlm.nih.gov/bioproject/PRJNA218110","https://www.ncbi.nlm.nih.gov/bioproject/PRJNA218110","https://www.ncbi.nlm.nih.gov/bioproject/PRJNA218110",NA,NA,"https://www.ncbi.nlm.nih.gov/bioproject/PRJNA218110",NA,"https://www.ncbi.nlm.nih.gov/bioproject/PRJNA218110",NA,"https://www.ncbi.nlm.nih.gov/bioproject/PRJNA218110","https://www.ncbi.nlm.nih.gov/bioproject/PRJNA218110"
"54","https://www.ncbi.nlm.nih.gov/pubmed/29800745",NA,NA,NA,NA,NA,NA,NA,NA,NA,NA,NA,NA,NA,NA,NA,NA,NA,NA,NA,NA,NA,NA,NA,NA,NA,NA,NA,NA,NA,NA,NA,NA,NA,NA,NA,NA,NA,NA,NA,NA,NA,NA,NA,NA,NA,NA,NA,NA,NA,NA,NA,NA,NA,NA,NA,NA,NA,NA,NA,NA,NA,NA,NA,NA,NA,NA,NA,NA,NA,NA,NA,NA,NA,NA,NA,NA,NA,NA,NA,NA,NA,NA,NA,NA,NA,NA,NA,NA,NA,NA,NA,NA,"https://www.ncbi.nlm.nih.gov/bioproject/PRJNA435597",NA,"https://www.ncbi.nlm.nih.gov/bioproject/PRJNA435597",NA,NA,NA,NA,NA,NA,NA
"55","https://www.ncbi.nlm.nih.gov/pubmed/29977533",NA,NA,NA,"https://www.ncbi.nlm.nih.gov/bioproject/PRJEB23541",NA,NA,NA,NA,NA,NA,NA,NA,NA,NA,NA,NA,NA,NA,NA,NA,NA,NA,NA,NA,NA,NA,NA,NA,NA,NA,NA,NA,NA,NA,NA,NA,NA,NA,NA,NA,NA,NA,NA,NA,NA,NA,NA,NA,NA,NA,NA,NA,NA,NA,NA,NA,NA,NA,NA,NA,NA,NA,NA,NA,NA,NA,NA,NA,NA,NA,NA,NA,NA,NA,NA,NA,NA,NA,NA,NA,NA,NA,NA,NA,NA,NA,NA,"https://www.ncbi.nlm.nih.gov/bioproject/PRJEB23541",NA,"https://www.ncbi.nlm.nih.gov/bioproject/PRJEB23541",NA,NA,"https://www.ncbi.nlm.nih.gov/bioproject/PRJEB23541",NA,NA,NA,NA,NA,NA,NA,NA,NA
"56","https://www.ncbi.nlm.nih.gov/pubmed/30253738",NA,NA,NA,NA,NA,NA,NA,NA,NA,NA,NA,NA,NA,NA,NA,NA,NA,NA,NA,NA,NA,NA,NA,NA,NA,NA,NA,NA,NA,NA,NA,NA,NA,NA,NA,NA,NA,NA,NA,NA,NA,NA,NA,NA,NA,NA,NA,NA,NA,NA,NA,NA,NA,NA,NA,NA,NA,NA,NA,NA,NA,NA,NA,NA,NA,NA,NA,NA,NA,NA,NA,NA,NA,NA,NA,NA,NA,NA,NA,NA,NA,NA,NA,NA,NA,NA,NA,NA,NA,NA,NA,NA,NA,"https://www.ncbi.nlm.nih.gov/bioproject/PRJNA243331",NA,NA,NA,NA,NA,NA,NA,NA
"57","https://www.ncbi.nlm.nih.gov/pubmed/30365516",NA,NA,NA,"https://www.ncbi.nlm.nih.gov/bioproject/PRJNA433857",NA,NA,NA,NA,NA,NA,NA,NA,NA,NA,NA,NA,NA,NA,NA,NA,NA,NA,NA,NA,NA,NA,NA,"https://www.ncbi.nlm.nih.gov/bioproject/PRJNA433857",NA,NA,NA,NA,NA,NA,NA,NA,NA,NA,NA,NA,NA,NA,NA,NA,NA,NA,NA,NA,NA,NA,NA,NA,NA,"https://www.ncbi.nlm.nih.gov/bioproject/PRJNA433857",NA,NA,NA,NA,NA,NA,NA,NA,NA,NA,NA,NA,NA,NA,NA,NA,NA,NA,NA,NA,NA,NA,NA,NA,"https://www.ncbi.nlm.nih.gov/bioproject/PRJNA433857","https://www.ncbi.nlm.nih.gov/bioproject/PRJNA433857",NA,NA,NA,NA,NA,NA,NA,"https://www.ncbi.nlm.nih.gov/bioproject/PRJNA433857",NA,"https://www.ncbi.nlm.nih.gov/bioproject/PRJNA433857",NA,NA,"https://www.ncbi.nlm.nih.gov/bioproject/PRJNA433857","https://www.ncbi.nlm.nih.gov/bioproject/PRJNA433857",NA,NA,NA,NA,"https://www.ncbi.nlm.nih.gov/bioproject/PRJNA433857",NA,"https://www.ncbi.nlm.nih.gov/bioproject/PRJNA433857","https://www.ncbi.nlm.nih.gov/bioproject/PRJNA433857"
"58","https://www.ncbi.nlm.nih.gov/pubmed/30421703",NA,NA,NA,NA,NA,NA,NA,NA,NA,NA,NA,NA,NA,NA,NA,NA,NA,NA,NA,NA,NA,NA,NA,NA,NA,NA,NA,NA,NA,NA,NA,NA,NA,NA,NA,NA,NA,NA,NA,NA,NA,NA,NA,NA,NA,NA,NA,NA,NA,NA,NA,NA,NA,NA,NA,NA,NA,NA,NA,NA,NA,NA,NA,NA,NA,NA,NA,NA,NA,NA,NA,NA,NA,NA,NA,NA,NA,NA,NA,NA,NA,NA,NA,NA,NA,NA,NA,"https://www.ncbi.nlm.nih.gov/bioproject/PRJNA412434",NA,"https://www.ncbi.nlm.nih.gov/bioproject/PRJNA412434",NA,NA,NA,NA,NA,NA,NA,NA,NA,NA,NA,NA
"59","https://www.ncbi.nlm.nih.gov/pubmed/31346170",NA,NA,NA,NA,NA,NA,NA,NA,NA,NA,NA,NA,NA,NA,NA,NA,NA,NA,NA,NA,NA,NA,NA,NA,NA,NA,NA,NA,NA,NA,NA,NA,NA,NA,NA,NA,NA,NA,NA,NA,NA,NA,NA,NA,NA,NA,NA,NA,NA,NA,NA,NA,NA,NA,NA,NA,NA,NA,NA,NA,NA,NA,NA,NA,NA,NA,NA,NA,NA,NA,NA,NA,NA,NA,NA,NA,NA,NA,NA,NA,NA,NA,NA,NA,NA,NA,NA,NA,NA,"https://www.ncbi.nlm.nih.gov/bioproject/PRJNA231221",NA,NA,"https://www.ncbi.nlm.nih.gov/bioproject/PRJNA231221",NA,NA,NA,NA,NA,NA,NA,NA,NA
