"","AMR.Gene","X6.Class","GC.SS","Type","Resistance.Mechanism","Count","Gain","Loss"
"1","blaEC","FF","SS","inactivation","antibiotic inactivation",1,23,109
"2","blaEC-5","II","SS","inactivation","antibiotic inactivation",1,10,17
"3","fosA7","FF","SS","inactivation","antibiotic inactivation; fosfomycin",1,49,35
"4","blaOXA-1","FF","SS","inactivation","antibiotic inactivation; cephalosporin; penam",1,325,116
"5","sul2","FF","SS","replacement","antibiotic target replacement; sulfonamide antibiotic; sulfone antibiotic",1,2155,749
"6","sat2","FF","SS","inactivation","antibiotic inactivation",1,365,122
"7","aadA5","FF","SS","inactivation","aminoglycoside antibiotic; antibiotic inactivation",1,481,118
"8","dfrA17","FF","SS","replacement","antibiotic target replacement; diaminopyrimidine antibiotic",1,531,129
"9","aph(6)-Id","FF","SS","inactivation","aminoglycoside antibiotic; antibiotic inactivation",1,2366,572
"10","aph(3'')-Ib","FF","SS","inactivation","aminoglycoside antibiotic; antibiotic inactivation",1,2370,568
"11","blaTEM-1","FF","SS","inactivation","antibiotic inactivation; cephalosporin; monobactam; penam; penem",1,2158,515
"12","mph(A)","FF","SS","inactivation","antibiotic inactivation",1,858,196
"13","tet(A)","FF","SS","efflux","antibiotic efflux; glycylcycline; tetracycline antibiotic",1,2006,425
"14","blaCTX-M-15","FF","SS","inactivation","antibiotic inactivation; cephalosporin",1,361,72
"15","qacEdelta1","FF","SS","efflux","antibiotic efflux; fluoroquinolone antibiotic",1,1536,287
"16","sul1","FF","SS","replacement","antibiotic target replacement; sulfonamide antibiotic; sulfone antibiotic",1,1551,283
"17","catA1","FF","SS","inactivation","antibiotic inactivation",1,579,91
"18","catA","II","SS","inactivation","antibiotic inactivation",1,8,1
"19","aac(6')-Ib-cr","FF","SS","inactivation","aminoglycoside antibiotic; antibiotic inactivation; fluoroquinolone antibiotic",1,171,21
"20","blaNDM-5","FI","GC","inactivation","antibiotic inactivation; carbapenem; cephalosporin; cephamycin; penam",1,67,8
"21","tet(D)","FI","GC","efflux","antibiotic efflux; tetracycline antibiotic",1,45,5
"22","blaCTX-M-27","FI","GC","inactivation","antibiotic inactivation; cephalosporin",1,76,8
"23","sat1","FF","SS","inactivation","antibiotic inactivation",1,227,20
"24","fosA","FI","GC","inactivation","antibiotic inactivation; fosfomycin",1,92,8
"25","dfrA5","FI","GC","replacement","antibiotic target replacement; diaminopyrimidine antibiotic",1,207,17
"26","tet(B)","FF","SS","efflux","antibiotic efflux; tetracycline antibiotic",1,1768,144
"27","aadA1","FF","SS","inactivation","aminoglycoside antibiotic; antibiotic inactivation",1,1548,121
"28","blaCMY-42","FI","GC","inactivation","antibiotic inactivation; cephalosporin; cephamycin",1,27,2
"29","aac(6')-Ib4","II","SS","inactivation","aminoglycoside antibiotic; antibiotic inactivation",1,14,1
"30","aac(3)-IIa","FI","GC","inactivation","aminoglycoside antibiotic; antibiotic inactivation",1,256,17
"31","aadA2","FF","SS","inactivation","aminoglycoside antibiotic; antibiotic inactivation",1,815,52
"32","blaOXA-2","II","SS","inactivation","antibiotic inactivation; carbapenem; cephalosporin; penam",1,16,1
"33","dfrA1","FF","SS","replacement","antibiotic target replacement; diaminopyrimidine antibiotic",1,733,45
"34","aph(3')-Ia","FF","SS","inactivation","aminoglycoside antibiotic; antibiotic inactivation",1,1044,54
"35","dfrA7","FI","GC","replacement","antibiotic target replacement; diaminopyrimidine antibiotic",1,136,7
"36","floR","FF","SS","efflux","antibiotic efflux; phenicol antibiotic",1,866,44
"37","qepA","FI","GC","efflux","antibiotic efflux; fluoroquinolone antibiotic",1,23,1
"38","ble","FI","GC","","",1,258,11
"39","dfrA8","FI","GC","replacement","antibiotic target replacement; diaminopyrimidine antibiotic",1,298,12
"40","oqxB","FI","GC","efflux","antibiotic efflux; diaminopyrimidine antibiotic; fluoroquinolone antibiotic; glycylcycline; nitrofuran antibiotic; tetracycline antibiotic",1,227,9
"41","fosA3","FI","GC","inactivation","antibiotic inactivation; fosfomycin",1,177,7
"42","qacL","FI","GC","efflux","antibiotic efflux; fluoroquinolone antibiotic",1,469,16
"43","ampC","FI","GC","inactivation","antibiotic inactivation",1,90,3
"44","aac(6')-Ib","FI","GC","inactivation","aminoglycoside antibiotic; antibiotic inactivation",1,180,6
"45","dfrA12","FF","SS","replacement","antibiotic target replacement; diaminopyrimidine antibiotic",1,662,22
"46","aph(4)-Ia","FI","GC","inactivation","aminoglycoside antibiotic; antibiotic inactivation",1,251,8
"47","oqxA","FI","GC","efflux","antibiotic efflux; diaminopyrimidine antibiotic; fluoroquinolone antibiotic; glycylcycline; nitrofuran antibiotic; tetracycline antibiotic",1,204,6
"48","blaTEM","FI","GC","inactivation","antibiotic inactivation",1,214,6
"49","dfrA14","FI","GC","replacement","antibiotic target replacement; diaminopyrimidine antibiotic",1,572,16
"50","qnrB","FI","GC","protection","antibiotic target protection; fluoroquinolone antibiotic",1,37,1
"51","aac(3)-IId","FI","GC","inactivation","aminoglycoside antibiotic; antibiotic inactivation",1,486,13
"52","aadA16","FI","GC","inactivation","aminoglycoside antibiotic; antibiotic inactivation",1,38,1
"53","qacG2","FI","GC","efflux","antibiotic efflux; fluoroquinolone antibiotic",1,77,2
"54","dfrA15","FI","GC","replacement","antibiotic target replacement; diaminopyrimidine antibiotic",1,42,1
"55","catB3","FI","GC","inactivation","antibiotic inactivation; phenicol antibiotic",1,214,5
"56","mcr-1.1","FI","GC","alteration","antibiotic target alteration; peptide antibiotic",1,363,8
"57","blaNDM-1","FI","GC","inactivation","antibiotic inactivation; carbapenem; cephalosporin; cephamycin; penam",1,49,1
"58","aac(3)-VIa","FI","GC","inactivation","aminoglycoside antibiotic; antibiotic inactivation",1,250,5
"59","blaOXA","FI","GC","inactivation","antibiotic inactivation",1,51,1
"60","cmlA1","FI","GC","efflux","antibiotic efflux; phenicol antibiotic",1,468,9
"61","sul3","FI","GC","replacement","antibiotic target replacement; sulfonamide antibiotic; sulfone antibiotic",1,531,10
"62","aac(3)-IV","FI","GC","inactivation","aminoglycoside antibiotic; antibiotic inactivation",1,271,5
"63","blaCMY","FI","GC","inactivation","antibiotic inactivation; cephalosporin; cephamycin",1,55,1
"64","ant(3'')","FI","GC","inactivation","aminoglycoside antibiotic; antibiotic inactivation",1,176,3
"65","aac(6')-Ib-cr5","FI","GC","inactivation","aminoglycoside antibiotic; antibiotic inactivation",1,238,4
"66","blaCMY-2","FI","GC","inactivation","antibiotic inactivation; cephalosporin; cephamycin",1,437,7
"67","aac(3)","FI","GC","inactivation","aminoglycoside antibiotic; antibiotic inactivation",1,133,2
"68","bleO","FI","GC","","",1,295,4
"69","qnrS1","FI","GC","protection","antibiotic target protection; fluoroquinolone antibiotic",1,524,7
"70","rmtB1","FI","GC","alteration","aminoglycoside antibiotic; antibiotic target alteration",1,83,1
"71","qnrB19","FI","GC","protection","antibiotic target protection; fluoroquinolone antibiotic",1,167,2
"72","ant(2'')-Ia","FI","GC","inactivation","aminoglycoside antibiotic; antibiotic inactivation",1,87,1
"73","blaCTX-M-14","FI","GC","inactivation","antibiotic inactivation; cephalosporin",1,291,3
"74","arr-3","FI","GC","inactivation","antibiotic inactivation; rifamycin antibiotic",1,127,1
"75","tet(M)","FI","GC","efflux","antibiotic efflux; tetracycline antibiotic",1,279,2
"76","qacE","FI","GC","efflux","antibiotic efflux; fluoroquinolone antibiotic",1,144,1
"77","aac(3)-II","FI","GC","inactivation","aminoglycoside antibiotic; antibiotic inactivation",1,214,1
"78","blaCTX-M-55","FI","GC","inactivation","antibiotic inactivation; cephalosporin",1,241,1
"79","erm(B)","FI","GC","alteration","antibiotic target alteration; lincosamide antibiotic; macrolide antibiotic; streptogramin antibiotic",1,246,1
"80","aac(3)-I","IN","GC","inactivation","aminoglycoside antibiotic; antibiotic inactivation",1,1,0
"81","aac(6')-Ib-cr7","IN","GC","inactivation","aminoglycoside antibiotic; antibiotic inactivation",1,1,0
"82","aacA","IN","GC","inactivation","aminoglycoside antibiotic; antibiotic inactivation",1,1,0
"83","aacA34","IN","GC","inactivation","aminoglycoside antibiotic; antibiotic inactivation",1,1,0
"84","aadA10","IN","GC","inactivation","aminoglycoside antibiotic; antibiotic inactivation",1,1,0
"85","aadA17","IN","GC","inactivation","aminoglycoside antibiotic; antibiotic inactivation",1,1,0
"86","ant(6)","IN","GC","inactivation","aminoglycoside antibiotic; antibiotic inactivation",1,1,0
"87","aph(3')-Ib","IN","GC","inactivation","aminoglycoside antibiotic; antibiotic inactivation",1,1,0
"88","aph(3')-VIb","IN","GC","inactivation","aminoglycoside antibiotic; antibiotic inactivation",1,1,0
"89","blaACC","IN","GC","inactivation","antibiotic inactivation; carbapenem; cephalosporin; cephamycin; penam",1,1,0
"90","blaACC-1d","IN","GC","inactivation","antibiotic inactivation; carbapenem; cephalosporin; cephamycin; penam",1,1,0
"91","blaACT-17","IN","GC","inactivation","antibiotic inactivation; carbapenem; cephalosporin; cephamycin; penam",1,1,0
"92","blaACT-4","IN","GC","inactivation","antibiotic inactivation; carbapenem; cephalosporin; cephamycin; penam",1,1,0
"93","blaACT-45","IN","GC","inactivation","antibiotic inactivation; carbapenem; cephalosporin; cephamycin; penam",1,1,0
"94","blaACT-52","IN","GC","inactivation","antibiotic inactivation; carbapenem; cephalosporin; cephamycin; penam",1,1,0
"95","blaCAR","IN","GC","inactivation","antibiotic inactivation; carbapenem; cephalosporin; cephamycin; penam",1,1,0
"96","blaCARB","IN","GC","inactivation","antibiotic inactivation; carbapenem; cephalosporin; cephamycin; penam",1,1,0
"97","blaCMY-111","IN","GC","inactivation","antibiotic inactivation; cephamycin",1,1,0
"98","blaCMY-23","IN","GC","inactivation","antibiotic inactivation; cephamycin",1,1,0
"99","blaCMY-24","IN","GC","inactivation","antibiotic inactivation; cephamycin",1,1,0
"100","blaCMY-33","IN","GC","inactivation","antibiotic inactivation; cephamycin",1,1,0
"101","blaCMY-44","IN","GC","inactivation","antibiotic inactivation; cephamycin",1,1,0
"102","blaCMY-48","IN","GC","inactivation","antibiotic inactivation; cephamycin",1,1,0
"103","blaCMY-58","IN","GC","inactivation","antibiotic inactivation; cephamycin",1,1,0
"104","blaCMY-59","IN","GC","inactivation","antibiotic inactivation; cephamycin",1,1,0
"105","blaCMY-65","IN","GC","inactivation","antibiotic inactivation; cephamycin",1,1,0
"106","blaCMY-75","IN","GC","inactivation","antibiotic inactivation; cephamycin",1,1,0
"107","blaCMY-82","IN","GC","inactivation","antibiotic inactivation; cephamycin",1,1,0
"108","blaCTX-M-104","IN","GC","inactivation","antibiotic inactivation; cephalosporin",1,1,0
"109","blaCTX-M-116","IN","GC","inactivation","antibiotic inactivation; cephalosporin",1,1,0
"110","blaCTX-M-132","IN","GC","inactivation","antibiotic inactivation; cephalosporin",1,1,0
"111","blaCTX-M-134","IN","GC","inactivation","antibiotic inactivation; cephalosporin",1,1,0
"112","blaCTX-M-166","IN","GC","inactivation","antibiotic inactivation; cephalosporin",1,1,0
"113","blaCTX-M-179","IN","GC","inactivation","antibiotic inactivation; cephalosporin",1,1,0
"114","blaCTX-M-182","IN","GC","inactivation","antibiotic inactivation; cephalosporin",1,1,0
"115","blaDHA-20","IN","GC","inactivation","antibiotic inactivation; cephalosporin; cephamycin",1,1,0
"116","blaDHA-7","IN","GC","inactivation","antibiotic inactivation; cephalosporin; cephamycin",1,1,0
"117","blaFOX","IN","GC","inactivation","antibiotic inactivation; cephalosporin; cephamycin",1,1,0
"118","blaGES","IN","GC","inactivation","antibiotic inactivation; carbapenem; cephalosporin; cephamycin; penam; penem",1,1,0
"119","blaGIL","IN","GC","inactivation","antibiotic inactivation; carbapenem; cephalosporin; cephamycin; penam; penem",1,1,0
"120","blaIMI","IN","GC","inactivation","antibiotic inactivation; carbapenem; cephalosporin; cephamycin; penam; penem",1,1,0
"121","blaIMP-14","IN","GC","inactivation","antibiotic inactivation; carbapenem; cephalosporin; cephamycin; penam; penem",1,1,0
"122","blaIMP-26","IN","GC","inactivation","antibiotic inactivation; carbapenem; cephalosporin; cephamycin; penam; penem",1,1,0
"123","blaIMP-6","IN","GC","inactivation","antibiotic inactivation; carbapenem; cephalosporin; cephamycin; penam; penem",1,1,0
"124","blaKPC","IN","GC","inactivation","antibiotic inactivation; carbapenem; cephalosporin; cephamycin; penam; penem",1,1,0
"125","blaKPC-18","IN","GC","inactivation","antibiotic inactivation; carbapenem; cephalosporin; cephamycin; penam; penem",1,1,0
"126","blaLAP-1","IN","GC","inactivation","antibiotic inactivation; carbapenem; cephalosporin; cephamycin; penam; penem",1,1,0
"127","blaLAT","IN","GC","inactivation","antibiotic inactivation; carbapenem; cephalosporin; cephamycin; penam; penem",1,1,0
"128","blaLEN-13","IN","GC","inactivation","antibiotic inactivation; carbapenem; cephalosporin; cephamycin; penam; penem",1,1,0
"129","blaMIR-12","IN","GC","inactivation","antibiotic inactivation; cephalosporin; monobactam",1,1,0
"130","blaNDM-21","IN","GC","inactivation","antibiotic inactivation; carbapenem; cephalosporin; cephamycin; penam",1,1,0
"131","blaNDM-6","IN","GC","inactivation","antibiotic inactivation; carbapenem; cephalosporin; cephamycin; penam",1,1,0
"132","blaOCH","IN","GC","inactivation","antibiotic inactivation; carbapenem; cephalosporin; cephamycin; penam",1,1,0
"133","blaOKP","IN","GC","inactivation","antibiotic inactivation; carbapenem; cephalosporin; cephamycin; penam",1,1,0
"134","blaOXA-129","IN","GC","inactivation","antibiotic inactivation; cephalosporin; penam",1,1,0
"135","blaOXA-163","IN","GC","inactivation","antibiotic inactivation; cephalosporin; penam",1,1,0
"136","blaOXA-364","IN","GC","inactivation","antibiotic inactivation; cephalosporin; penam",1,1,0
"137","blaOXY","IN","GC","inactivation","antibiotic inactivation; cephalosporin; penam",1,1,0
"138","blaPC1","IN","GC","inactivation","antibiotic inactivation; carbapenem; cephalosporin; monobactam; penam; penem",1,1,0
"139","blaPER-2","IN","GC","inactivation","antibiotic inactivation; carbapenem; cephalosporin; monobactam; penam; penem",1,1,0
"140","blaPSE","IN","GC","inactivation","antibiotic inactivation; carbapenem; cephalosporin; penam",1,1,0
"141","blaR1","IN","GC","inactivation","antibiotic inactivation; carbapenem; cephalosporin; penam",1,1,0
"142","blaROB","IN","GC","inactivation","antibiotic inactivation; carbapenem; cephalosporin; penam",1,1,0
"143","blaSED","IN","GC","inactivation","antibiotic inactivation; carbapenem; cephalosporin; penam",1,1,0
"144","blaSFO-1","IN","GC","inactivation","antibiotic inactivation; carbapenem; cephalosporin; penam",1,1,0
"145","blaSHV-11","IN","GC","inactivation","antibiotic inactivation; carbapenem; cephalosporin; penam",1,1,0
"146","blaSHV-26","IN","GC","inactivation","antibiotic inactivation; carbapenem; cephalosporin; penam",1,1,0
"147","blaSHV-27","IN","GC","inactivation","antibiotic inactivation; carbapenem; cephalosporin; penam",1,1,0
"148","blaSHV-33","IN","GC","inactivation","antibiotic inactivation; carbapenem; cephalosporin; penam",1,1,0
"149","blaSRT","IN","GC","inactivation","antibiotic inactivation; cephalosporin; monobactam; penam; penem",1,1,0
"150","blaTEM-105","IN","GC","inactivation","antibiotic inactivation; cephalosporin; monobactam; penam; penem",1,1,0
"151","blaTEM-148","IN","GC","inactivation","antibiotic inactivation; cephalosporin; monobactam; penam; penem",1,1,0
"152","blaTEM-154","IN","GC","inactivation","antibiotic inactivation; cephalosporin; monobactam; penam; penem",1,1,0
"153","blaTEM-156","IN","GC","inactivation","antibiotic inactivation; cephalosporin; monobactam; penam; penem",1,1,0
"154","blaTEM-166","IN","GC","inactivation","antibiotic inactivation; cephalosporin; monobactam; penam; penem",1,1,0
"155","blaTEM-20","IN","GC","inactivation","antibiotic inactivation; cephalosporin; monobactam; penam; penem",1,1,0
"156","blaTEM-207","IN","GC","inactivation","antibiotic inactivation; cephalosporin; monobactam; penam; penem",1,1,0
"157","blaTEM-208","IN","GC","inactivation","antibiotic inactivation; cephalosporin; monobactam; penam; penem",1,1,0
"158","blaTEM-26","IN","GC","inactivation","antibiotic inactivation; cephalosporin; monobactam; penam; penem",1,1,0
"159","blaTEM-3","IN","GC","inactivation","antibiotic inactivation; cephalosporin; monobactam; penam; penem",1,1,0
"160","blaTEM-54","IN","GC","inactivation","antibiotic inactivation; cephalosporin; monobactam; penam; penem",1,1,0
"161","blaTEM-8","IN","GC","inactivation","antibiotic inactivation; cephalosporin; monobactam; penam; penem",1,1,0
"162","blaTEM-9","IN","GC","inactivation","antibiotic inactivation; cephalosporin; monobactam; penam; penem",1,1,0
"163","blaVEB-1","IN","GC","inactivation","antibiotic inactivation; cephalosporin; monobactam",1,1,0
"164","blaVEB-17","IN","GC","inactivation","antibiotic inactivation; cephalosporin; monobactam",1,1,0
"165","blaVEB-5","IN","GC","inactivation","antibiotic inactivation; cephalosporin; monobactam",1,1,0
"166","blaVIM-29","IN","GC","inactivation","antibiotic inactivation; carbapenem; cephalosporin; cephamycin; penam; penem",1,1,0
"167","blaVIM-4","IN","GC","inactivation","antibiotic inactivation; carbapenem; cephalosporin; cephamycin; penam; penem",1,1,0
"168","blaZ","IN","GC","inactivation","antibiotic inactivation; carbapenem; cephalosporin; cephamycin; penam; penem",1,1,0
"169","ble-Sh","IN","GC","","",1,1,0
"170","catB1","IN","GC","inactivation","antibiotic inactivation",1,1,0
"171","catB8","IN","GC","inactivation","antibiotic inactivation; phenicol antibiotic",1,1,0
"172","cmlA4","IN","GC","efflux","antibiotic efflux; phenicol antibiotic",1,1,0
"173","cphA","IN","GC","efflux","antibiotic efflux; phenicol antibiotic",1,1,0
"174","cphA1","IN","GC","efflux","antibiotic efflux; phenicol antibiotic",1,1,0
"175","dfrA22","IN","GC","replacement","antibiotic target replacement; diaminopyrimidine antibiotic",1,1,0
"176","dfrA26","IN","GC","replacement","antibiotic target replacement; diaminopyrimidine antibiotic",1,1,0
"177","dfrA3b","IN","GC","replacement","antibiotic target replacement; diaminopyrimidine antibiotic",1,1,0
"178","dfrA6","IN","GC","replacement","antibiotic target replacement; diaminopyrimidine antibiotic",1,1,0
"179","dfrF","IN","GC","replacement","antibiotic target replacement; diaminopyrimidine antibiotic",1,1,0
"180","ere(C)","IN","GC","inactivation","antibiotic inactivation",1,1,0
"181","erm(C)","IN","GC","alteration","antibiotic target alteration; lincosamide antibiotic; macrolide antibiotic; streptogramin antibiotic",1,1,0
"182","erm(F)","IN","GC","alteration","antibiotic target alteration; lincosamide antibiotic; macrolide antibiotic; streptogramin antibiotic",1,1,0
"183","mcr-1.2","IN","GC","alteration","antibiotic target alteration; peptide antibiotic",1,1,0
"184","mcr-1.4","IN","GC","alteration","antibiotic target alteration; peptide antibiotic",1,1,0
"185","mcr-1.7","IN","GC","alteration","antibiotic target alteration; peptide antibiotic",1,1,0
"186","mcr-2","IN","GC","alteration","antibiotic target alteration; peptide antibiotic",1,1,0
"187","mcr-3.2","IN","GC","alteration","antibiotic target alteration; peptide antibiotic",1,1,0
"188","oqxA10","IN","GC","efflux","antibiotic efflux",1,1,0
"189","oqxA3","IN","GC","efflux","antibiotic efflux",1,1,0
"190","oqxB19","IN","GC","efflux","antibiotic efflux",1,1,0
"191","oqxB25","IN","GC","efflux","antibiotic efflux",1,1,0
"192","oqxB29","IN","GC","efflux","antibiotic efflux",1,1,0
"193","oqxB5","IN","GC","efflux","antibiotic efflux",1,1,0
"194","qac","IN","GC","efflux","antibiotic efflux; fluoroquinolone antibiotic",1,1,0
"195","qacA","IN","GC","efflux","antibiotic efflux; fluoroquinolone antibiotic",1,1,0
"196","qnrVC1","IN","GC","protection","antibiotic target protection; fluoroquinolone antibiotic",1,1,0
"197","rmtB","IN","GC","alteration","aminoglycoside antibiotic; antibiotic target alteration",1,1,0
"198","rmtB3","IN","GC","alteration","aminoglycoside antibiotic; antibiotic target alteration",1,1,0
"199","rmtD1","IN","GC","alteration","aminoglycoside antibiotic; antibiotic target alteration",1,1,0
"200","sat4","IN","GC","inactivation","antibiotic inactivation",1,1,0
"201","smr","IN","GC","efflux","antibiotic efflux",1,1,0
"202","tet(41)","IN","GC","efflux","antibiotic efflux; tetracycline antibiotic",1,1,0
"203","tet(G)","IN","GC","efflux","antibiotic efflux; tetracycline antibiotic",1,1,0
"204","tet(H-J)","IN","GC","efflux","antibiotic efflux; tetracycline antibiotic",1,1,0
"205","tet(H)","IN","GC","efflux","antibiotic efflux; tetracycline antibiotic",1,1,0
"206","tet(M-W-O-S)","IN","GC","efflux","antibiotic efflux; tetracycline antibiotic",1,1,0
"207","tet(O)","IN","GC","efflux","antibiotic efflux; tetracycline antibiotic",1,1,0
"208","tetA","IN","GC","efflux","antibiotic efflux; tetracycline antibiotic",1,1,0
"209","vanR","IN","GC","alteration","antibiotic target alteration",1,1,0
"210","vanY","IN","GC","alteration","antibiotic target alteration",1,1,0
"211","aac(3)-Ib","IN","GC","inactivation","aminoglycoside antibiotic; antibiotic inactivation",1,2,0
"212","aac(6')-33","IN","GC","inactivation","aminoglycoside antibiotic; antibiotic inactivation",1,2,0
"213","aac(6')-Ia","IN","GC","inactivation","aminoglycoside antibiotic; antibiotic inactivation",1,2,0
"214","aac(6')-Ian","IN","GC","inactivation","aminoglycoside antibiotic; antibiotic inactivation",1,2,0
"215","aac(6')-IIa","IN","GC","inactivation","aminoglycoside antibiotic; antibiotic inactivation",1,2,0
"216","aadD1","IN","GC","inactivation","aminoglycoside antibiotic; antibiotic inactivation",1,2,0
"217","aph(3')-VIa","IN","GC","inactivation","aminoglycoside antibiotic; antibiotic inactivation",1,2,0
"218","blaACC-1","IN","GC","inactivation","antibiotic inactivation; cephalosporin; monobactam; penam",1,2,0
"219","blaCMY-140","IN","GC","inactivation","antibiotic inactivation; cephalosporin; cephamycin",1,2,0
"220","blaCMY-7","IN","GC","inactivation","antibiotic inactivation; cephamycin",1,2,0
"221","blaCTX-M-115","IN","GC","inactivation","antibiotic inactivation; cephalosporin",1,2,0
"222","blaCTX-M-174","IN","GC","inactivation","antibiotic inactivation; cephalosporin",1,2,0
"223","blaCTX-M-9","IN","GC","inactivation","antibiotic inactivation; cephalosporin",1,2,0
"224","blaDHA","IN","GC","inactivation","antibiotic inactivation; cephalosporin",1,2,0
"225","blaEC-15","IN","GC","inactivation","antibiotic inactivation",1,2,0
"226","blaI","IN","GC","inactivation","antibiotic inactivation; cephalosporin; penam",1,2,0
"227","blaLAP","IN","GC","inactivation","antibiotic inactivation",1,2,0
"228","blaNDM","IN","GC","inactivation","antibiotic inactivation; carbapenem; cephalosporin; penam",1,2,0
"229","blaOXA-4","IN","GC","inactivation","antibiotic inactivation; cephalosporin; penam",1,2,0
"230","blaSHV-5","IN","GC","inactivation","antibiotic inactivation; carbapenem; cephalosporin; penam",1,2,0
"231","blaTEM-181","IN","GC","inactivation","antibiotic inactivation",1,2,0
"232","blaTEM-210","IN","GC","inactivation","antibiotic inactivation",1,2,0
"233","blaTEM-32","IN","GC","inactivation","antibiotic inactivation",1,2,0
"234","blaTEM-34","IN","GC","inactivation","antibiotic inactivation; cephalosporin; monobactam; penam; penem",1,2,0
"235","blaTEM-84","IN","GC","inactivation","antibiotic inactivation; cephalosporin; monobactam; penam; penem",1,2,0
"236","catA3","IN","GC","inactivation","antibiotic inactivation",1,2,0
"237","catB11","IN","GC","inactivation","antibiotic inactivation",1,2,0
"238","cfr","IN","GC","alteration","antibiotic target alteration",1,2,0
"239","dfr7","IN","GC","replacement","antibiotic target replacement; diaminopyrimidine antibiotic",1,2,0
"240","dfrA21","IN","GC","replacement","antibiotic target replacement; diaminopyrimidine antibiotic",1,2,0
"241","erm","IN","GC","alteration","antibiotic target alteration; lincosamide antibiotic; macrolide antibiotic; streptogramin antibiotic",1,2,0
"242","lnu","IN","GC","alteration","antibiotic target alteration; lincosamide antibiotic",1,2,0
"243","mcr-1.5","IN","GC","alteration","antibiotic target alteration; peptide antibiotic",1,2,0
"244","mcr-3","IN","GC","alteration","antibiotic target alteration; peptide antibiotic",1,2,0
"245","mef(C)","IN","GC","efflux","antibiotic efflux; macrolide antibiotic",1,2,0
"246","mph(G)","IN","GC","inactivation","antibiotic inactivation",1,2,0
"247","qacB","IN","GC","efflux","antibiotic efflux; fluoroquinolone antibiotic",1,2,0
"248","qnrB10","IN","GC","protection","antibiotic target protection; fluoroquinolone antibiotic",1,2,0
"249","qnrS13","IN","GC","protection","antibiotic target protection; fluoroquinolone antibiotic",1,2,0
"250","qnrS4","IN","GC","protection","antibiotic target protection; fluoroquinolone antibiotic",1,2,0
"251","tet(E)","IN","GC","efflux","antibiotic efflux; tetracycline antibiotic",1,2,0
"252","tet(Y)","IN","GC","efflux","antibiotic efflux; tetracycline antibiotic",1,2,0
"253","aadA21","IN","GC","inactivation","aminoglycoside antibiotic; antibiotic inactivation",1,3,0
"254","aadA3","IN","GC","inactivation","aminoglycoside antibiotic; antibiotic inactivation",1,3,0
"255","blaACT","IN","GC","inactivation","aminoglycoside antibiotic; antibiotic inactivation",1,3,0
"256","blaCMY-16","IN","GC","inactivation","antibiotic inactivation; cephamycin",1,3,0
"257","blaCTX-M-125","IN","GC","inactivation","antibiotic inactivation; cephalosporin",1,3,0
"258","blaIMP-1","IN","GC","inactivation","antibiotic inactivation; carbapenem; cephalosporin; cephamycin; penam; penem",1,3,0
"259","blaIMP-27","IN","GC","inactivation","antibiotic inactivation; carbapenem; cephalosporin; cephamycin; penam; penem",1,3,0
"260","blaOXA-232","IN","GC","inactivation","antibiotic inactivation; cephalosporin; penam",1,3,0
"261","blaSHV-2A","IN","GC","inactivation","antibiotic inactivation; carbapenem; cephalosporin; penam",1,3,0
"262","blaSHV-7","IN","GC","inactivation","antibiotic inactivation; carbapenem; cephalosporin; penam",1,3,0
"263","blaTEM-10","IN","GC","inactivation","antibiotic inactivation; cephalosporin; monobactam; penam; penem",1,3,0
"264","blaTEM-169","IN","GC","inactivation","antibiotic inactivation; cephalosporin; monobactam; penam; penem",1,3,0
"265","blaTEM-215","IN","GC","inactivation","antibiotic inactivation; cephalosporin; monobactam; penam; penem",1,3,0
"266","blaVIM-1","IN","GC","inactivation","antibiotic inactivation; carbapenem; cephalosporin; cephamycin; penam; penem",1,3,0
"267","catB","IN","GC","inactivation","antibiotic inactivation",1,3,0
"268","dfrA10","IN","GC","replacement","antibiotic target replacement; diaminopyrimidine antibiotic",1,3,0
"269","dfrA24","IN","GC","replacement","antibiotic target replacement; diaminopyrimidine antibiotic",1,3,0
"270","erm-23S_rRNA","IN","GC","alteration","antibiotic target alteration; lincosamide antibiotic; macrolide antibiotic; streptogramin antibiotic",1,3,0
"271","mcr-5.1","IN","GC","alteration","antibiotic target alteration; peptide antibiotic",1,3,0
"272","qacC","IN","GC","efflux","antibiotic efflux; fluoroquinolone antibiotic",1,3,0
"273","qacF","IN","GC","efflux","antibiotic efflux; fluoroquinolone antibiotic",1,3,0
"274","qnrB7","IN","GC","protection","antibiotic target protection; fluoroquinolone antibiotic",1,3,0
"275","qnrVC4","IN","GC","protection","antibiotic target protection; fluoroquinolone antibiotic",1,3,0
"276","rmtE","IN","GC","alteration","aminoglycoside antibiotic; antibiotic target alteration",1,3,0
"277","aac(6')","IN","GC","inactivation","aminoglycoside antibiotic; antibiotic inactivation",1,4,0
"278","aad9","IN","GC","inactivation","aminoglycoside antibiotic; antibiotic inactivation",1,4,0
"279","aph(3')-XV","IN","GC","inactivation","aminoglycoside antibiotic; antibiotic inactivation",1,4,0
"280","blaCTX-M-64","IN","GC","inactivation","antibiotic inactivation; cephalosporin",1,4,0
"281","blaFOX-5","IN","GC","inactivation","antibiotic inactivation; cephalosporin; cephamycin",1,4,0
"282","blaGES-5","IN","GC","inactivation","antibiotic inactivation; carbapenem; cephalosporin; penam",1,4,0
"283","blaNDM-4","IN","GC","inactivation","antibiotic inactivation; carbapenem; cephalosporin; cephamycin; penam; penem",1,4,0
"284","catB2","IN","GC","inactivation","antibiotic inactivation; phenicol antibiotic",1,4,0
"285","lnu(A)","IN","GC","alteration","antibiotic target alteration; lincosamide antibiotic",1,4,0
"286","mcr-3.1","IN","GC","alteration","antibiotic target alteration; peptide antibiotic",1,4,0
"287","mcr-3.5","IN","GC","alteration","antibiotic target alteration; peptide antibiotic",1,4,0
"288","rmtE1","IN","GC","alteration","aminoglycoside antibiotic; antibiotic target alteration",1,4,0
"289","tet(31)","IN","GC","efflux","antibiotic efflux; tetracycline antibiotic",1,4,0
"290","aac(6')-Ib11","IN","GC","inactivation","aminoglycoside antibiotic; antibiotic inactivation",1,5,0
"291","aac(6')-IIc","IN","GC","inactivation","aminoglycoside antibiotic; antibiotic inactivation",1,5,0
"292","aadA8","IN","GC","inactivation","aminoglycoside antibiotic; antibiotic inactivation",1,5,0
"293","blaKPC-4","IN","GC","inactivation","antibiotic inactivation; carbapenem; cephalosporin; monobactam; penam",1,5,0
"294","blaOXA-244","IN","GC","inactivation","antibiotic inactivation; cephalosporin; penam",1,5,0
"295","blaSHV","IN","GC","inactivation","antibiotic inactivation; carbapenem; cephalosporin; penam",1,5,0
"296","blaSHV-2","IN","GC","inactivation","antibiotic inactivation; carbapenem; cephalosporin; penam",1,5,0
"297","blaTEM-176","IN","GC","inactivation","antibiotic inactivation; cephalosporin; monobactam; penam; penem",1,5,0
"298","blaTEM-19","IN","GC","inactivation","antibiotic inactivation; cephalosporin; monobactam; penam; penem",1,5,0
"299","dfrB1","IN","GC","replacement","antibiotic target replacement; diaminopyrimidine antibiotic",1,5,0
"300","fosA5","IN","GC","inactivation","antibiotic inactivation; fosfomycin",1,5,0
"301","vat","IN","GC","inactivation","antibiotic inactivation",1,5,0
"302","ant(3'')-Ia","IN","GC","inactivation","aminoglycoside antibiotic; antibiotic inactivation",1,6,0
"303","blaTEM-12","IN","GC","inactivation","antibiotic inactivation; cephalosporin; monobactam; penam; penem",1,6,0
"304","blaTEM-33","IN","GC","inactivation","antibiotic inactivation; cephalosporin; monobactam; penam; penem",1,6,0
"305","blaTEM-35","IN","GC","inactivation","antibiotic inactivation",1,6,0
"306","dfrB4","IN","GC","replacement","antibiotic target replacement; diaminopyrimidine antibiotic",1,6,0
"307","ere(B)","IN","GC","inactivation","antibiotic inactivation",1,6,0
"308","lnu(C)","IN","GC","alteration","antibiotic target alteration; lincosamide antibiotic",1,6,0
"309","ant","IN","GC","inactivation","aminoglycoside antibiotic; antibiotic inactivation",1,7,0
"310","blaIMP-4","IN","GC","inactivation","antibiotic inactivation; carbapenem; cephalosporin; cephamycin; penam; penem",1,7,0
"311","qnrD1","IN","GC","protection","antibiotic target protection; fluoroquinolone antibiotic",1,7,0
"312","aph(3')-VI","IN","GC","inactivation","aminoglycoside antibiotic; antibiotic inactivation",1,8,0
"313","blaCTX-M-24","IN","GC","inactivation","antibiotic inactivation; cephalosporin",1,8,0
"314","blaHER","IN","GC","inactivation","antibiotic inactivation; penam",1,8,0
"315","blaOXA-181","IN","GC","inactivation","antibiotic inactivation; cephalosporin; penam",1,8,0
"316","qnrB2","IN","GC","protection","antibiotic target protection; fluoroquinolone antibiotic",1,8,0
"317","aph(3')-I","IN","GC","inactivation","aminoglycoside antibiotic; antibiotic inactivation",1,9,0
"318","blaNDM-7","IN","GC","inactivation","antibiotic inactivation; carbapenem; cephalosporin; cephamycin; penam",1,9,0
"319","blaTEM-190","IN","GC","inactivation","antibiotic inactivation; cephalosporin; monobactam; penam; penem",1,9,0
"320","dfrA23","IN","GC","replacement","antibiotic target replacement; diaminopyrimidine antibiotic",1,9,0
"321","aac(2')-IIa","IN","GC","inactivation","aminoglycoside antibiotic; antibiotic inactivation",1,10,0
"322","blaCTX-M-123","IN","GC","inactivation","antibiotic inactivation; cephalosporin",1,10,0
"323","dfrA25","IN","GC","replacement","antibiotic target replacement; diaminopyrimidine antibiotic",1,10,0
"324","aadA4","IN","GC","inactivation","aminoglycoside antibiotic; antibiotic inactivation",1,11,0
"325","blaTEM-57","IN","GC","inactivation","antibiotic inactivation; cephalosporin; monobactam; penam; penem",1,11,0
"326","fosA4","IN","GC","inactivation","antibiotic inactivation; fosfomycin",1,11,0
"327","aph(3')","IN","GC","inactivation","aminoglycoside antibiotic; antibiotic inactivation",1,12,0
"328","blaSHV-1","IN","GC","inactivation","antibiotic inactivation; carbapenem; cephalosporin; penam",1,12,0
"329","fos","IN","GC","inactivation","antibiotic inactivation; fosfomycin",1,12,0
"330","qnrB1","IN","GC","protection","antibiotic target protection; fluoroquinolone antibiotic",1,12,0
"331","aadA15","IN","GC","inactivation","aminoglycoside antibiotic; antibiotic inactivation",1,13,0
"332","blaCTX-M-32","IN","GC","inactivation","antibiotic inactivation; cephalosporin",1,13,0
"333","blaTEM-40","IN","GC","inactivation","antibiotic inactivation; cephalosporin; monobactam; penam; penem",1,13,0
"334","blaTEM-52","IN","GC","inactivation","antibiotic inactivation; cephalosporin; monobactam; penam; penem",1,13,0
"335","erm(T)","IN","GC","alteration","antibiotic target alteration; lincosamide antibiotic; macrolide antibiotic; streptogramin antibiotic",1,13,0
"336","aac(6')-Il","IN","GC","inactivation","aminoglycoside antibiotic; antibiotic inactivation",1,14,0
"337","aac(6')-Ib'","IN","GC","inactivation","aminoglycoside antibiotic; antibiotic inactivation",1,15,0
"338","abc-f","IN","GC","inactivation","aminoglycoside antibiotic; antibiotic inactivation",1,15,0
"339","blaCMY-6","IN","GC","inactivation","antibiotic inactivation; cephamycin",1,15,0
"340","cmlA6","IN","GC","efflux","antibiotic efflux; phenicol antibiotic",1,15,0
"341","qnrB4","IN","GC","protection","antibiotic target protection; fluoroquinolone antibiotic",1,15,0
"342","rmtC","IN","GC","alteration","aminoglycoside antibiotic; antibiotic target alteration",1,15,0
"343","aph(3')-II","IN","GC","inactivation","aminoglycoside antibiotic; antibiotic inactivation",1,16,0
"344","blaCMY-4","IN","GC","inactivation","antibiotic inactivation; cephamycin",1,16,0
"345","cmlA","IN","GC","efflux","antibiotic efflux; phenicol antibiotic",1,16,0
"346","erm(42)","IN","GC","alteration","antibiotic target alteration; lincosamide antibiotic; macrolide antibiotic; streptogramin antibiotic",1,17,0
"347","qnrB6","IN","GC","protection","antibiotic target protection; fluoroquinolone antibiotic",1,17,0
"348","aadA13","IN","GC","inactivation","aminoglycoside antibiotic; antibiotic inactivation",1,18,0
"349","mph_3","IN","GC","inactivation","antibiotic inactivation",1,18,0
"350","qepA1","IN","GC","efflux","antibiotic efflux; fluoroquinolone antibiotic",1,18,0
"351","tet(X)","IN","GC","efflux","antibiotic efflux; tetracycline antibiotic",1,18,0
"352","dfrA19","IN","GC","replacement","antibiotic target replacement; diaminopyrimidine antibiotic",1,19,0
"353","qnrA1","IN","GC","protection","antibiotic target protection; fluoroquinolone antibiotic",1,19,0
"354","dfrA16","IN","GC","replacement","antibiotic target replacement; diaminopyrimidine antibiotic",1,20,0
"355","lnu(B)","IN","GC","alteration","antibiotic target alteration; lincosamide antibiotic",1,20,0
"356","aadA25","FN","GC","inactivation","aminoglycoside antibiotic; antibiotic inactivation",1,21,0
"357","arr","FN","GC","inactivation","antibiotic inactivation; rifamycin antibiotic",1,21,0
"358","blaTEM-30","FN","GC","inactivation","antibiotic inactivation; cephalosporin; monobactam; penam; penem",1,21,0
"359","blaNDM-9","FN","GC","inactivation","antibiotic inactivation; carbapenem; cephalosporin; cephamycin; penam",1,22,0
"360","blaCTX-M-2","FN","GC","inactivation","antibiotic inactivation; cephalosporin",1,23,0
"361","armA","FN","GC","alteration","aminoglycoside antibiotic; antibiotic target alteration",1,24,0
"362","blaLAP-2","FN","GC","inactivation","antibiotic inactivation; cephalosporin; penam",1,24,0
"363","blaOXA-48","FN","GC","inactivation","antibiotic inactivation; cephalosporin; penam",1,25,0
"364","blaTEM-116","FN","GC","inactivation","antibiotic inactivation; cephalosporin; monobactam; penam; penem",1,25,0
"365","ere(A)","FN","GC","inactivation","antibiotic inactivation",1,26,0
"366","dfrA27","FN","GC","replacement","antibiotic target replacement; diaminopyrimidine antibiotic",1,27,0
"367","mph(E)","FN","GC","inactivation","antibiotic inactivation",1,27,0
"368","aadA6","FN","GC","inactivation","aminoglycoside antibiotic; antibiotic inactivation",1,28,0
"369","blaOXA-9","FN","GC","inactivation","antibiotic inactivation; cephalosporin; penam",1,28,0
"370","blaTEM-135","FN","GC","inactivation","antibiotic inactivation; cephalosporin; monobactam; penam; penem",1,28,0
"371","dfrA","FN","GC","replacement","antibiotic target replacement; diaminopyrimidine antibiotic",1,28,0
"372","msr(E)","FN","GC","protection","antibiotic target protection; macrolide antibiotic",1,28,0
"373","blaCTX-M-3","FN","GC","inactivation","antibiotic inactivation; cephalosporin",1,29,0
"374","blaCTX-M-8","FN","GC","inactivation","antibiotic inactivation; cephalosporin",1,29,0
"375","arr-2","FN","GC","inactivation","antibiotic inactivation; rifamycin antibiotic",1,32,0
"376","oqxB2","FN","GC","efflux","antibiotic efflux",1,33,0
"377","aadA24","FN","GC","inactivation","aminoglycoside antibiotic; antibiotic inactivation",1,34,0
"378","aadA7","FN","GC","inactivation","aminoglycoside antibiotic; antibiotic inactivation",1,34,0
"379","blaOXA-10","FN","GC","inactivation","antibiotic inactivation; cephalosporin; penam",1,34,0
"380","qnrS","FN","GC","protection","antibiotic target protection; fluoroquinolone antibiotic",1,34,0
"381","blaDHA-1","FN","GC","inactivation","antibiotic inactivation; cephalosporin; cephamycin",1,35,0
"382","blaKPC-3","FN","GC","inactivation","antibiotic inactivation; carbapenem; cephalosporin; monobactam; penam",1,36,0
"383","aadA12","FN","GC","inactivation","aminoglycoside antibiotic; antibiotic inactivation",1,38,0
"384","aac(6')-Ib3","FN","GC","inactivation","aminoglycoside antibiotic; antibiotic inactivation",1,40,0
"385","blaCARB-2","FN","GC","inactivation","antibiotic inactivation; penam",1,42,0
"386","lnu(G)","FN","GC","alteration","antibiotic target alteration; lincosamide antibiotic",1,42,0
"387","blaKPC-2","FN","GC","inactivation","antibiotic inactivation; penam",1,44,0
"388","clpK","FN","GC","","",1,44,0
"389","cmlA5","FN","GC","efflux","antibiotic efflux; phenicol antibiotic",1,44,0
"390","blaCTX-M","FN","GC","inactivation","antibiotic inactivation; cephalosporin",1,45,0
"391","tet","FN","GC","efflux","antibiotic efflux; tetracycline antibiotic",1,46,0
"392","qnrS2","FN","GC","protection","antibiotic target protection; fluoroquinolone antibiotic",1,50,0
"393","blaHER-3","FN","GC","inactivation","antibiotic inactivation",1,52,0
"394","oqxA2","FN","GC","efflux","antibiotic efflux",1,62,0
"395","blaCTX-M-65","FN","GC","inactivation","antibiotic inactivation; cephalosporin",1,64,0
"396","blaSHV-12","FN","GC","inactivation","antibiotic inactivation; carbapenem; cephalosporin; penam",1,67,0
"397","catA2","FN","GC","inactivation","antibiotic inactivation",1,67,0
"398","aph(6)-Ic","FN","GC","inactivation","aminoglycoside antibiotic; antibiotic inactivation",1,83,0
"399","mef(B)","FN","GC","efflux","antibiotic efflux; macrolide antibiotic",1,87,0
"400","mph(B)","FN","GC","inactivation","antibiotic inactivation",1,87,0
"401","aadA22","FN","GC","inactivation","aminoglycoside antibiotic; antibiotic inactivation",1,89,0
"402","lnu(F)","FN","GC","alteration","antibiotic target alteration; lincosamide antibiotic",1,100,0
"403","mcr-1","FN","GC","alteration","antibiotic target alteration; peptide antibiotic",1,118,0
"404","aph(3'')","FN","GC","inactivation","aminoglycoside antibiotic; antibiotic inactivation",1,123,0
"405","aph(6)-I","FN","GC","inactivation","aminoglycoside antibiotic; antibiotic inactivation",1,164,0
"406","blaCTX-M-1","FN","GC","inactivation","antibiotic inactivation; cephalosporin",1,168,0
"407","aph(3')-IIa","FN","GC","inactivation","aminoglycoside antibiotic; antibiotic inactivation",1,205,0
"408","bla","FN","GC","inactivation","antibiotic inactivation",1,214,0
"409","tet(C)","FN","GC","efflux","antibiotic efflux; tetracycline antibiotic",1,219,0
